CREATE DATABASE kozossegi
DEFAULT CHARACTER SET utf8
COLLATE utf8_hungarian_ci;

USE kozossegi;

DROP TABLE IF EXISTS diak;
CREATE TABLE diak(
	id INTEGER(24) PRIMARY KEY,
	nev VARCHAR(250),
	osztaly VARCHAR(250)
) ENGINE=InnoDB DEFAULT CHARSET=utf8mb4 COLLATE=utf8mb4_hungarian_ci;

DROP TABLE IF EXISTS jelentkezes;
CREATE TABLE jelentkezes(
	diakid INTEGER(24),
	munkaid INTEGER(24),
	ervenyes VARCHAR(5),
	elfogadva VARCHAR(5),
	teljesitve VARCHAR(5),
	PRIMARY KEY(diakid, munkaid)
) ENGINE=InnoDB DEFAULT CHARSET=utf8mb4 COLLATE=utf8mb4_hungarian_ci;

DROP TABLE IF EXISTS munka;
CREATE TABLE munka(
	id INTEGER(24) PRIMARY KEY,
	datum DATE,
	kezdes TIME,
	hossz INTEGER(24),
	maxletszam INTEGER(24),
	tevekenysegid INTEGER(24)
) ENGINE=InnoDB DEFAULT CHARSET=utf8mb4 COLLATE=utf8mb4_hungarian_ci;

DROP TABLE IF EXISTS tevekenyseg;
CREATE TABLE tevekenyseg(
	id INTEGER(24) PRIMARY KEY,
	nev VARCHAR(250),
	iskolai VARCHAR(5)
) ENGINE=InnoDB DEFAULT CHARSET=utf8mb4 COLLATE=utf8mb4_hungarian_ci;

INSERT INTO diak VALUES
(1, "Pék Roland", "10/D"),
(2, "Illin Zita", "11/D"),
(3, "Ördögh Dániel", "10/D"),
(4, "Barta Ildikó", "11/D"),
(5, "Simony Kata", "10/D"),
(6, "Csepreg Natália", "9/D"),
(7, "Nagy Petra", "10/D"),
(8, "Vörös Dóra", "11/D"),
(9, "Varga Boldizsár", "11/D"),
(10, "Szilágyi Réka", "11/D"),
(11, "Helle Ágnes", "10/D"),
(12, "Gyömbér Anna", "11/D"),
(13, "Farkas Dária", "10/D"),
(14, "Barta Zsuzsanna", "11/D"),
(15, "Schiss Bence", "9/D"),
(16, "Szabó Attila", "9/D"),
(17, "Nagy Dorottya", "11/D"),
(18, "Lengyel Lilla", "11/B"),
(19, "Csiszár Nikolett", "11/D"),
(20, "Kond Lili", "10/D"),
(21, "Fehér Orsolya", "11/D"),
(22, "Haskó Fanni", "10/D"),
(23, "Sós Gábor", "11/D"),
(24, "Kondász Ferenc", "9/D"),
(25, "Magyari Tekla", "9/D"),
(26, "Nagy Enikő", "9/D"),
(27, "Kónya Barbara", "10/D"),
(28, "Kollár Zóra", "11/D"),
(29, "Petrás Lili", "10/D"),
(30, "Lucza Kata", "10/D"),
(31, "Szabad Eta", "9/D"),
(32, "Iványi Gréta", "10/D"),
(33, "Ráskai Kata", "9/D"),
(34, "Toldi Viktória", "10/D"),
(35, "Török Róbert", "9/D"),
(36, "Oláh Soma", "10/D"),
(37, "Pintér Tímea", "11/D"),
(38, "Kasznár Henrietta", "9/D"),
(39, "Bodó Bence", "10/D"),
(40, "Ádám Bella", "11/D"),
(41, "Hegyközi Martin", "9/D"),
(42, "Kiss Dorina", "10/D"),
(43, "Háló Ildikó", "11/D"),
(44, "Ficzak Lili", "10/D"),
(45, "Juhász Viktor", "10/D"),
(46, "Dombovári Anna", "9/D"),
(47, "Marosi Mercédesz", "10/D"),
(48, "Bozóki Gábor", "10/D"),
(49, "Szabó Lilla", "11/D"),
(50, "Csank János", "11/D"),
(51, "Kárpáti Ádám", "11/D"),
(52, "Peregi Petra", "11/D"),
(53, "Sebők Dániel", "9/D"),
(54, "Balassa Viktor", "11/D"),
(55, "Kovács Anett", "10/D"),
(56, "Papp Viola", "11/D"),
(57, "Lehóczky Nanetta", "10/D"),
(58, "Gajda Blanka", "10/D"),
(59, "Buzás Fabióla", "11/D"),
(60, "Takács Márkó", "11/D"),
(61, "Varga Mónika", "9/D"),
(62, "Papp Evelin", "9/D"),
(63, "Kovács Alexandra", "9/D"),
(64, "Árpás Soma", "11/D"),
(65, "Erdélyi Réka", "9/D"),
(66, "Kahi Zsanett", "11/D"),
(67, "Betyák Éva", "9/D"),
(68, "Bozó Noémi", "9/D"),
(69, "Kerényi Zsuzsanna", "11/D"),
(70, "István Luca", "10/D"),
(71, "Rideg Emília", "10/D"),
(72, "Szurovecz Nóra", "10/D"),
(73, "Józsa Sára", "9/D"),
(74, "Thury Lilla", "10/D"),
(75, "Hajdú Zília", "10/D"),
(76, "Kertész Bence", "9/D"),
(77, "Bánfi Bernadett", "9/D"),
(78, "Ormódi Viktor", "10/D"),
(79, "Szolnoki Martin", "9/D"),
(80, "Szabó Vivien", "9/D"),
(81, "Böröcz Mónika", "9/D"),
(82, "Gyémánt Péter", "9/D"),
(83, "Halász Anett", "9/D"),
(84, "Lengyel Dóra", "9/D"),
(85, "Czirok Anna", "9/D"),
(86, "Kovács Norbert", "10/D"),
(87, "Borbás Géza", "9/D"),
(88, "Elek Miklós", "11/D"),
(89, "Nagy Renáta", "9/D"),
(90, "Ádám Izolda", "10/D"),
(91, "Kis Beáta", "10/D"),
(92, "Bóna Zsuzsanna", "11/D"),
(93, "Kertész András", "11/D"),
(94, "Kimler Nikolett", "9/D"),
(95, "Molnár Ádám", "9/D"),
(96, "Bodza Tamás", "11/C"),
(97, "Fülöp Blanka", "10/D"),
(98, "Tombácz Miklós", "11/B"),
(99, "Kenderesi Máté", "10/D"),
(100, "Alföldi Annamária", "10/D"),
(101, "Mihalcsik Dániel", "9/D"),
(102, "Farkas Anett", "9/D"),
(103, "Takács Rebeka", "11/B"),
(104, "Lajkó Réka", "11/C"),
(105, "Guba Anna", "11/B"),
(106, "Molnár Márton", "11/A"),
(107, "Balogh Lili", "11/A"),
(108, "Selmeci Dóra", "11/C"),
(109, "Dancs György", "11/B"),
(110, "Mészáros Emese", "11/B"),
(111, "Vásárhelyi Tamás", "11/A"),
(112, "Gyuris Zsófia", "11/B"),
(113, "Kis Antal", "11/A"),
(114, "Karácsonyi Zsófia", "11/C"),
(115, "Hódi Lőrinc", "11/B"),
(116, "Szántó Johanna", "11/A"),
(117, "Balog Kristóf", "11/A"),
(118, "Firge Nóra", "11/B"),
(119, "Májer Orsolya", "11/C"),
(120, "Papp Éva", "11/C"),
(121, "Nagy Fanni", "11/A"),
(122, "Dávid Bettina", "11/B"),
(123, "Csernyik Sára", "11/C"),
(124, "Ludányi Flóra", "11/A"),
(125, "Kovács László", "11/B"),
(126, "Deák István", "11/C"),
(127, "Sisák Andrea", "11/B"),
(128, "Erdélyi Krisztina", "11/A"),
(129, "Schulcz Daniella", "11/B"),
(130, "Engi Zsuzsanna", "11/B"),
(131, "Koltay Emese", "11/A"),
(132, "Vári Lívia", "11/A"),
(133, "Szamosközi Gergely", "11/B"),
(134, "Somogyi Márk", "11/A"),
(135, "Bakai József", "11/C"),
(136, "Gábor Katalin", "11/C"),
(137, "Jónás Ágota", "11/C"),
(138, "Barta Tamás", "11/C"),
(139, "Juhász Ákos", "11/C"),
(140, "Szántó Kornélia", "11/C"),
(141, "Petrik Zsófia", "11/B"),
(142, "Durczás Réka", "11/C"),
(143, "Dancs Richárd", "11/C"),
(144, "Arany Péter", "11/C"),
(145, "Hart Alíz", "11/B"),
(146, "Mészáros Renáta", "11/C"),
(147, "Fröhlich Zsombor", "11/C"),
(148, "Biró Nóra", "11/C"),
(149, "Peták Helga", "11/A"),
(150, "Kerti Borbála", "11/B"),
(151, "Szántó Ákos", "11/C"),
(152, "Nyári Péter", "11/C"),
(153, "Jak Balázs", "11/C"),
(154, "Sikk Dániel", "11/C"),
(155, "Mészáros Flóra", "11/A"),
(156, "Szerencsés Zsófia", "11/C"),
(157, "Pesti Richárd", "11/C"),
(158, "Bertók Dániel", "11/A"),
(159, "Tomka Máté", "11/A"),
(160, "Végh Vanessa", "11/A"),
(161, "Vass András", "11/B"),
(162, "Forgó Annamária", "11/A"),
(163, "Skót Tamara", "11/A"),
(164, "Bozó Dániel", "11/A"),
(165, "Korom Viola", "11/B"),
(166, "Kovács Dominika", "11/A"),
(167, "Farkas Máté", "11/C"),
(168, "Vezsi Attila", "11/C"),
(169, "Zsikai Krisztina", "11/B"),
(170, "Neuer Benedek", "11/B"),
(171, "Nagy Máté", "11/B"),
(172, "Farkas Stella", "11/A"),
(173, "Kristóf Réka", "11/A"),
(174, "Bodnár Kinga", "11/A"),
(175, "Patonai Dóra", "11/C"),
(176, "Font Bernadett", "11/A"),
(177, "Boldizsár Tas", "11/B"),
(178, "Szabó Dorottya", "11/C"),
(179, "Benkő Tünde", "11/C"),
(180, "Zsolczai Balázs", "11/A"),
(181, "Szepes Edit", "10/A"),
(182, "Tóth Luca", "11/B"),
(183, "Kiss Nikolett", "11/B"),
(184, "Mészáros Zsuzsanna", "11/A"),
(185, "Janka Csanád", "11/A"),
(186, "Csete Boglárka", "11/B"),
(187, "Rabi Szimonetta", "11/B"),
(188, "Fődi Noémi", "11/B"),
(189, "Gyulai Noémi", "11/B"),
(190, "Fodor Viktória", "11/A"),
(191, "Földesi Tamás", "11/B"),
(192, "Kovács Bence", "11/C"),
(193, "Siklósi Jolán", "11/B"),
(194, "Mészáros Réka", "11/B"),
(195, "Rácz Elza", "11/A"),
(196, "Horváth Viktória", "11/A"),
(197, "Lehoczky Máté", "11/B"),
(198, "Kovács Kata", "11/B"),
(199, "Bozsó Zsófia", "11/A"),
(200, "Jójárt Nóra", "11/C"),
(201, "Marosi Zsanett", "11/C"),
(202, "Bajus Fruzsina", "11/C"),
(203, "Ördög Lili", "11/B"),
(204, "Alsó Dóra", "11/B"),
(205, "Honti Viktória", "11/C"),
(206, "Matuska Zita", "11/C"),
(207, "Bóka Nátán", "11/B"),
(208, "Seprenyi Lajos", "11/A"),
(209, "Derék Ágnes", "11/A"),
(210, "Pálfi Henrietta", "11/A"),
(211, "Urbán Csenge", "11/B"),
(212, "Erdélyi Kristóf", "9/D"),
(213, "Boros János", "10/C"),
(214, "Motyovszki Márk", "10/C"),
(215, "Márton Hunor", "10/C"),
(216, "Belső Regina", "10/A"),
(217, "Veres Zsófia", "10/B"),
(218, "Mari Éva", "10/C"),
(219, "Kovalcsik Evelin", "10/B"),
(220, "Tari Zsófia", "10/C"),
(221, "Mészáros Réka Flóra", "10/C"),
(222, "Igaz Dóra", "10/B"),
(223, "Molnár Zsombor", "10/C"),
(224, "Váczi Levente", "10/B"),
(225, "Farkas Sára", "10/C"),
(226, "Szalai Máté", "10/B"),
(227, "Varga Kristóf", "10/B"),
(228, "Deme Krisztina", "10/C"),
(229, "Jabb Anna", "10/B"),
(230, "Ábrahám Katalin", "10/A"),
(231, "Dani Georgina", "10/A"),
(232, "Molnár Enikő", "10/A"),
(233, "Árva Ákos", "10/A"),
(234, "Scmok Georgina", "10/A"),
(235, "Nyíl Zsófia", "10/A"),
(236, "Demke Lili", "10/C"),
(237, "Sári Zsófia", "10/C"),
(238, "Seres Lilla", "10/A"),
(239, "Vass Flóra", "10/A"),
(240, "Kocsis Szabrina", "10/B"),
(241, "Macsák Nóra", "10/C"),
(242, "Sipos Erik", "10/C"),
(243, "Gyebrovszki Csilla", "10/A"),
(244, "Mészáros Kata", "10/A"),
(245, "Sáringer Lilla", "10/C"),
(246, "Kiss Dóra", "10/A"),
(247, "Tóth Barbara", "10/A"),
(248, "Keleti Hanna", "10/C"),
(249, "Lehotai Anna", "10/C"),
(250, "Sári Péter", "10/A"),
(251, "Péter Gábor", "10/C"),
(252, "Csala Ádám", "10/A"),
(253, "Nyilas Ákos", "10/A"),
(254, "Meleg Dániel", "10/C"),
(255, "Kardos Éva", "10/C"),
(256, "Király Petra", "10/B"),
(257, "Werth Eszter", "10/C"),
(258, "Hideg Lili", "10/C"),
(259, "Bodor Borbála", "10/C"),
(260, "Kallai Kata", "10/C"),
(261, "Török Anett", "10/C"),
(262, "Pusztai Bálint", "10/A"),
(263, "Kispál Péter", "10/A"),
(264, "Hegedűs Zsófia", "10/B"),
(265, "Tamáska Lilla", "10/A"),
(266, "Zsikó Veronika", "10/A"),
(267, "Kampós Eszter", "10/B"),
(268, "Kincses Noémi", "10/B"),
(269, "Csonka József", "10/A"),
(270, "Grosz Kata", "10/B"),
(271, "Hóka Ágnes", "10/B"),
(272, "Rozmár Eszter", "10/B"),
(273, "Kasza Bence", "10/A"),
(274, "Csorba Luca", "10/C"),
(275, "Papp Sára", "10/B"),
(276, "Ilke Adél", "10/A"),
(277, "Harkály Klaudia", "10/B"),
(278, "Zombori Réka", "10/B"),
(279, "Hegedű Fanni", "10/C"),
(280, "Balogh Viola", "10/B"),
(281, "Papp Laura", "10/B"),
(282, "Fekete Réka", "10/B"),
(283, "Bárány Katalin", "10/A"),
(284, "Vörös Lívia", "10/A"),
(285, "Illés László", "10/B"),
(286, "Varga Melitta", "10/A"),
(287, "Fehér Krisztina", "10/A"),
(288, "Szolga Ádám", "10/A"),
(289, "Bálint Júlia", "10/B"),
(290, "Tamás Dóra", "10/B"),
(291, "Tóth Veronika", "10/C"),
(292, "Kostyál Enikő", "10/B"),
(293, "Menge Blanka", "10/C"),
(294, "Brávik Lili", "10/A"),
(295, "Gesztes Beáta", "10/A"),
(296, "Lévai Tamás", "10/A"),
(297, "Farkas Ágota", "10/C"),
(298, "Pammer Petra", "10/A"),
(299, "Juhász Anna", "10/B"),
(300, "Vincze Annabella", "10/A"),
(301, "Balogh Valentina", "10/C"),
(302, "Tóth László", "10/A"),
(303, "Püski Kitti", "10/B"),
(304, "Kotroczó Barnabás", "10/A"),
(305, "Boldog Dániel", "10/C"),
(306, "Gárgyán Patrik", "10/C"),
(307, "Baka Ágota", "10/B"),
(308, "Pataki Gábor", "10/B"),
(309, "Almási Rebeka", "10/B"),
(310, "Kiss Márton", "10/A"),
(311, "Farkas Barnabás", "10/C"),
(312, "Iván Gedeon", "10/B"),
(313, "Jánosi Zsófia", "10/B"),
(314, "Nagy Zsombor", "10/C"),
(315, "Silver Zoltán", "10/C"),
(316, "Bálint Leticia", "10/B"),
(317, "Réti Dániel", "10/A"),
(318, "Hódi Emese", "10/B"),
(319, "Csőke Alexandra", "10/A"),
(320, "Lengyel Trisztán", "9/B"),
(321, "Kiss Brigitta", "9/A"),
(322, "Réti Döme", "9/B"),
(323, "Szabó Noémi", "9/B"),
(324, "Hajnal Fanni", "9/C"),
(325, "Bitó Bálint", "9/B"),
(326, "Heller Szabolcs", "9/A"),
(327, "Balogh Nikolett", "9/A"),
(328, "Erk Fruzsina", "9/C"),
(329, "Varga Szilvia", "9/C"),
(330, "Bajnai Krisztián", "9/A"),
(331, "Nyári Barnabás", "9/A"),
(332, "Szepesi Vivien", "9/A"),
(333, "Patyi Tamás", "9/C"),
(334, "Paja Tamás", "9/C"),
(335, "Kincses Kristóf", "9/B"),
(336, "Vass Anna", "9/A"),
(337, "Tésnyei Tamás", "9/B"),
(338, "Árpádfalvi Enikő", "9/B"),
(339, "Tóth Ákos", "9/C"),
(340, "Kertész Szilvia", "9/B"),
(341, "Meller Gabriella", "9/A"),
(342, "Csuka Beáta", "9/A"),
(343, "Hegedűs Zénó", "9/A"),
(344, "Kovács Szilárd", "9/C"),
(345, "Szovics Dóra", "9/C"),
(346, "Sümegi Zsanett", "9/A"),
(347, "Lukács Tamás", "9/C"),
(348, "Gárgyán Rita", "9/A"),
(349, "Szirovicza Bernadett", "9/A"),
(350, "Halk János", "9/B"),
(351, "Borda Tibor", "9/B"),
(352, "Hal Bettina", "9/C"),
(353, "Kun Dániel", "9/C"),
(354, "Pless Gergő", "9/C"),
(355, "Moldován Tamás", "9/A"),
(356, "Pop Ramóna", "9/C"),
(357, "Horváth Lili", "9/C"),
(358, "Móricz Rea", "9/A"),
(359, "Jenei Dániel", "9/A"),
(360, "Vlocskó Gábor", "9/C"),
(361, "Szűcs Péter", "9/B"),
(362, "Dömötör Enikő", "9/C"),
(363, "Pásztor Nándor", "9/C"),
(364, "Elek Vivien", "9/C"),
(365, "Nagy Balázs", "9/C"),
(366, "Jenke Adrienn", "9/C"),
(367, "Lehoczki Réka", "9/C"),
(368, "Binszki Zoé", "9/C"),
(369, "Kamarás Attila", "9/A"),
(370, "Mezőlaki Bendegúz", "9/C"),
(371, "Gyapjas László", "9/B"),
(372, "Máté Martin", "9/B"),
(373, "Kerekes Patrícia", "9/A"),
(374, "Kónya Patrik", "9/B"),
(375, "Csáki Márton", "9/A"),
(376, "Gecse Dóra", "9/B"),
(377, "Molnár Tünde", "9/A"),
(378, "Rabi Máté", "9/B"),
(379, "Garai Adél", "9/A"),
(380, "Rádi Bianka", "9/B"),
(381, "Pannonhalmi Martin", "9/B"),
(382, "Kása Lilla", "9/A"),
(383, "Varga Zsolt", "9/B"),
(384, "Szűcs Mónika", "9/C"),
(385, "Kun Tamás", "9/B"),
(386, "Szabados Balázs", "9/B"),
(387, "Szécsi Brigitta", "9/A"),
(388, "Balázs Domonkos", "9/C"),
(389, "Nagy Ákos", "9/B"),
(390, "Dóka Dóra", "9/C"),
(391, "Sisák Judit", "9/B"),
(392, "Takács Lilla", "9/A"),
(393, "Avas Márton", "9/A"),
(394, "Gyimóth Patrik", "9/B"),
(395, "Jónás László", "9/B"),
(396, "Bróm Bettina", "9/C"),
(397, "Gudmann Annamária", "9/C"),
(398, "Kiss Noémi", "9/C"),
(399, "Barna Zita", "9/A"),
(400, "Dorogi Emese", "9/C"),
(401, "Ajtósi Patrik", "9/B"),
(402, "Lenkei Tamás", "9/B"),
(403, "Zelei Melitta", "9/A"),
(404, "Kelemen Zsófia", "9/A"),
(405, "Szűcs Kornél", "9/A"),
(406, "Rácz Flóra", "9/B"),
(407, "Ódor Luca", "9/A"),
(408, "Rádi Luca", "9/A"),
(409, "Vastag Tibor", "9/C"),
(410, "Kisteleki Igor", "9/B"),
(411, "Antalics Dominika", "9/A"),
(412, "Horváth Ferenc", "9/B"),
(413, "Lengyel Ádám", "9/B"),
(414, "Kozma Klaudia", "9/B"),
(415, "Csizmadia Vivien", "9/C"),
(416, "Reszegi Béla", "9/A"),
(417, "Lénárt Sára", "9/A"),
(418, "Bogdándi Dávid", "9/B"),
(419, "Buzás György", "9/A"),
(420, "Ridegh Anna", "9/B"),
(421, "Koncz Béla", "9/A"),
(422, "Kolozsvári Zsófia", "9/C"),
(423, "Kiss Alexandra", "9/C"),
(424, "Juhász Anasztázia", "9/C"),
(425, "Molnár Alex", "9/A"),
(426, "Berti Gergely", "11/C"),
(427, "Újfalusi Zsófia", "9/B"),
(428, "Németh Viktória", "9/D"),
(429, "Vőneki Milán", "10/B");

INSERT INTO jelentkezes VALUES
(384, 5968, "True", "True", "False"),
(179, 5983, "True", "True", "True"),
(375, 5953, "False", "False", "False"),
(375, 6003, "True", "True", "True"),
(160, 6005, "True", "True", "True"),
(342, 5954, "True", "False", "False"),
(387, 5964, "True", "True", "True"),
(60, 5989, "True", "True", "True"),
(60, 6004, "True", "True", "True"),
(192, 5997, "True", "False", "False"),
(329, 5999, "True", "True", "True"),
(387, 5969, "True", "True", "True"),
(387, 5955, "True", "True", "True"),
(233, 6014, "True", "True", "True"),
(233, 5985, "True", "False", "False"),
(311, 5949, "True", "True", "True"),
(311, 5950, "True", "True", "True"),
(161, 6043, "True", "True", "True"),
(161, 6042, "True", "True", "True"),
(161, 6041, "False", "False", "False"),
(161, 6044, "True", "True", "True"),
(161, 6046, "True", "False", "False"),
(161, 6045, "True", "True", "True"),
(161, 6048, "True", "True", "True"),
(161, 6047, "True", "True", "True"),
(161, 6049, "True", "True", "True"),
(174, 5984, "True", "True", "True"),
(174, 5959, "True", "True", "True"),
(174, 5960, "True", "True", "True"),
(111, 5975, "False", "False", "False"),
(111, 5956, "True", "False", "False"),
(111, 5981, "True", "True", "True"),
(39, 5995, "True", "False", "False"),
(276, 5951, "True", "True", "True"),
(276, 6006, "True", "True", "True"),
(276, 5972, "True", "False", "False"),
(276, 6002, "True", "True", "True"),
(276, 5965, "True", "True", "True"),
(276, 5970, "True", "True", "True"),
(60, 6000, "True", "True", "True"),
(60, 5990, "True", "True", "True"),
(60, 6015, "True", "True", "True"),
(251, 6164, "True", "True", "True"),
(69, 6164, "True", "True", "True"),
(5, 6164, "False", "False", "False"),
(302, 6164, "True", "True", "True"),
(231, 6164, "True", "True", "True"),
(316, 6164, "True", "True", "True"),
(316, 6163, "True", "True", "True"),
(5, 6163, "True", "True", "True"),
(302, 6163, "True", "True", "False"),
(69, 6163, "True", "True", "True"),
(251, 6163, "False", "False", "False"),
(231, 6163, "True", "True", "True"),
(69, 6166, "True", "True", "True"),
(5, 6166, "True", "True", "True"),
(302, 6166, "True", "True", "True"),
(316, 6166, "True", "True", "True"),
(231, 6166, "True", "True", "True"),
(251, 6166, "True", "True", "True"),
(69, 6165, "True", "True", "True"),
(5, 6165, "True", "True", "True"),
(302, 6165, "True", "True", "True"),
(316, 6165, "True", "True", "True"),
(231, 6165, "False", "False", "False"),
(251, 6165, "True", "True", "True"),
(69, 6170, "True", "True", "True"),
(5, 6170, "True", "True", "True"),
(302, 6170, "True", "True", "True"),
(316, 6170, "True", "True", "True"),
(231, 6170, "True", "True", "True"),
(251, 6170, "True", "True", "True"),
(69, 6169, "True", "True", "True"),
(5, 6169, "True", "True", "True"),
(302, 6169, "True", "True", "True"),
(316, 6169, "True", "True", "True"),
(231, 6169, "True", "True", "True"),
(251, 6169, "True", "True", "True"),
(125, 6116, "True", "True", "True"),
(78, 6198, "True", "True", "True"),
(146, 6123, "True", "True", "True"),
(146, 6118, "True", "True", "True"),
(146, 6124, "True", "True", "True"),
(314, 6118, "True", "True", "True"),
(314, 6123, "True", "True", "True"),
(314, 6124, "True", "True", "True"),
(356, 6119, "False", "False", "False"),
(356, 6125, "True", "True", "True"),
(78, 6217, "True", "True", "True"),
(361, 6217, "True", "True", "True"),
(245, 6217, "True", "True", "False"),
(380, 6220, "True", "True", "True"),
(15, 6167, "True", "True", "True"),
(62, 6167, "True", "True", "True"),
(15, 6220, "True", "True", "True"),
(62, 6220, "True", "True", "True"),
(15, 6218, "True", "True", "True"),
(62, 6218, "True", "True", "True"),
(417, 6220, "True", "True", "True"),
(355, 6218, "True", "True", "True"),
(251, 6168, "True", "True", "False"),
(399, 6220, "True", "True", "True"),
(185, 6220, "False", "False", "False"),
(356, 6218, "True", "True", "True"),
(356, 6219, "False", "False", "False"),
(393, 6218, "True", "True", "True"),
(352, 6218, "True", "True", "True"),
(352, 6221, "True", "False", "False"),
(393, 6221, "True", "True", "True"),
(58, 6117, "True", "True", "True"),
(211, 6218, "True", "True", "True"),
(211, 6219, "True", "True", "True"),
(211, 6170, "True", "True", "True"),
(371, 6218, "True", "True", "True"),
(371, 6219, "False", "False", "False"),
(39, 6218, "True", "True", "True"),
(39, 6219, "True", "True", "True"),
(39, 6168, "True", "True", "True"),
(157, 6219, "True", "True", "True"),
(357, 6219, "True", "True", "True"),
(22, 6218, "True", "True", "True"),
(424, 6119, "True", "True", "True"),
(84, 6119, "True", "True", "True"),
(125, 6251, "False", "False", "False"),
(399, 6251, "True", "True", "True"),
(52, 6219, "True", "True", "True"),
(356, 6251, "True", "True", "True"),
(185, 6251, "True", "True", "True"),
(91, 6221, "True", "True", "True"),
(197, 6219, "False", "False", "False"),
(382, 6219, "True", "True", "True"),
(417, 6125, "True", "True", "True"),
(421, 6348, "True", "True", "True"),
(313, 6287, "True", "True", "True"),
(20, 6364, "True", "True", "True"),
(198, 6287, "True", "True", "True"),
(373, 6287, "True", "True", "True"),
(312, 6369, "True", "True", "True"),
(417, 6287, "False", "False", "False"),
(417, 6369, "True", "True", "True"),
(417, 6370, "True", "True", "True"),
(175, 6219, "True", "True", "True"),
(6, 6287, "True", "True", "True"),
(309, 6221, "True", "True", "True"),
(309, 6371, "True", "True", "True"),
(3, 6321, "True", "True", "True"),
(58, 6377, "True", "True", "True"),
(114, 6377, "True", "True", "True"),
(26, 6404, "True", "True", "True"),
(26, 6403, "True", "True", "True"),
(26, 6406, "True", "True", "False"),
(26, 6405, "True", "True", "True"),
(161, 6410, "True", "True", "False"),
(161, 6409, "True", "True", "True"),
(161, 6413, "True", "True", "True"),
(161, 6412, "True", "True", "True"),
(161, 6411, "True", "True", "True"),
(161, 6415, "True", "True", "True"),
(161, 6414, "True", "True", "True"),
(161, 6417, "True", "True", "True"),
(161, 6416, "True", "True", "True"),
(161, 6418, "True", "True", "True"),
(49, 6294, "True", "True", "True"),
(146, 6372, "True", "True", "True"),
(230, 6381, "True", "True", "True"),
(146, 6381, "True", "True", "True"),
(230, 6376, "True", "True", "True"),
(146, 6376, "True", "False", "False"),
(408, 6299, "True", "True", "True"),
(408, 6311, "True", "True", "True"),
(408, 6360, "True", "True", "True"),
(91, 6398, "True", "True", "True"),
(91, 6408, "False", "False", "False"),
(408, 6349, "True", "True", "True"),
(408, 6300, "True", "True", "True"),
(408, 6350, "True", "True", "True"),
(408, 6361, "True", "True", "True"),
(312, 6372, "True", "True", "True"),
(380, 6399, "True", "True", "True"),
(111, 6338, "True", "True", "True"),
(111, 6335, "True", "True", "True"),
(111, 6306, "True", "True", "True"),
(111, 6329, "True", "True", "True"),
(261, 6399, "False", "False", "False"),
(399, 6399, "True", "True", "True"),
(185, 6399, "True", "True", "True"),
(125, 6399, "True", "True", "True"),
(415, 6424, "True", "True", "True"),
(417, 6398, "True", "True", "True"),
(417, 6379, "True", "True", "True"),
(417, 6391, "False", "False", "False"),
(417, 6373, "True", "True", "True"),
(248, 6391, "True", "True", "True"),
(91, 6400, "True", "False", "False"),
(15, 6400, "True", "True", "True"),
(62, 6400, "True", "False", "False"),
(417, 6375, "False", "False", "False"),
(417, 6382, "True", "False", "False"),
(417, 6380, "True", "True", "True"),
(53, 6378, "False", "False", "False"),
(53, 6373, "True", "True", "True"),
(53, 6374, "True", "True", "True"),
(53, 6379, "True", "True", "True"),
(53, 6382, "True", "True", "True"),
(3, 6351, "True", "True", "True"),
(230, 6445, "True", "True", "True"),
(264, 6400, "False", "False", "False"),
(96, 6400, "True", "True", "True"),
(245, 6447, "True", "True", "True"),
(15, 6438, "True", "True", "True"),
(15, 6440, "True", "True", "True"),
(62, 6438, "True", "True", "True"),
(62, 6440, "True", "False", "False"),
(156, 6438, "True", "True", "True"),
(211, 6320, "True", "True", "True"),
(211, 6340, "True", "True", "True"),
(19, 6504, "True", "True", "True"),
(19, 6505, "True", "True", "True"),
(19, 6506, "True", "True", "True"),
(245, 6510, "True", "True", "True"),
(258, 6510, "True", "True", "True"),
(126, 6510, "True", "True", "True"),
(412, 6513, "False", "False", "False"),
(132, 6513, "True", "True", "True"),
(412, 6512, "True", "True", "True"),
(132, 6512, "True", "True", "False"),
(309, 6514, "True", "True", "True"),
(65, 6514, "True", "True", "True"),
(309, 6515, "True", "True", "True"),
(65, 6515, "False", "False", "False"),
(68, 6515, "True", "True", "True"),
(68, 6514, "True", "True", "True"),
(113, 6437, "True", "True", "True"),
(408, 6314, "True", "True", "True"),
(408, 6363, "True", "True", "True"),
(408, 6302, "True", "True", "True"),
(216, 6437, "True", "True", "True"),
(309, 6375, "True", "True", "True"),
(248, 6441, "True", "True", "True"),
(58, 6438, "True", "True", "True"),
(103, 6438, "True", "True", "True"),
(103, 6440, "True", "True", "True"),
(312, 6554, "True", "True", "True"),
(425, 6554, "False", "False", "False"),
(3, 6346, "False", "False", "False"),
(3, 6352, "True", "True", "True"),
(393, 6520, "True", "True", "True"),
(393, 6549, "True", "True", "True"),
(114, 6441, "True", "True", "True"),
(114, 6442, "True", "True", "True"),
(91, 6531, "True", "True", "True"),
(417, 6507, "True", "True", "True"),
(417, 6508, "True", "True", "True"),
(417, 6399, "False", "False", "False"),
(429, 6599, "True", "True", "True"),
(429, 6598, "True", "True", "True"),
(110, 6546, "True", "True", "True"),
(110, 6535, "True", "True", "False"),
(110, 6547, "True", "True", "True"),
(182, 6546, "True", "True", "True"),
(182, 6535, "True", "True", "True"),
(182, 6547, "True", "False", "False"),
(157, 6517, "True", "False", "False"),
(52, 6550, "False", "False", "False"),
(350, 6550, "True", "True", "True"),
(380, 6555, "True", "True", "True"),
(53, 6375, "True", "True", "True"),
(96, 6549, "True", "True", "True"),
(96, 6539, "True", "True", "False"),
(96, 6543, "True", "True", "True"),
(313, 6517, "True", "True", "True"),
(222, 6518, "True", "True", "True"),
(6, 6555, "True", "True", "True"),
(248, 6442, "False", "False", "False"),
(382, 6557, "False", "False", "False"),
(154, 6557, "True", "True", "False"),
(197, 6557, "True", "True", "True"),
(303, 6555, "True", "True", "True"),
(303, 6536, "True", "True", "True"),
(20, 6635, "True", "True", "True"),
(313, 6636, "True", "True", "True"),
(409, 6636, "True", "True", "True"),
(78, 6639, "True", "True", "True"),
(78, 6638, "True", "True", "True"),
(78, 6642, "True", "True", "True"),
(78, 6641, "False", "False", "False"),
(78, 6640, "True", "True", "True"),
(111, 6629, "True", "True", "True"),
(111, 6627, "True", "True", "True"),
(111, 6555, "True", "True", "True"),
(114, 6548, "True", "True", "False"),
(114, 6547, "True", "True", "True"),
(114, 6552, "True", "True", "True"),
(114, 6541, "True", "True", "True"),
(58, 6442, "False", "False", "False"),
(91, 6553, "True", "True", "True"),
(342, 6623, "True", "True", "True"),
(342, 6624, "True", "True", "True"),
(342, 6630, "True", "True", "True"),
(425, 6646, "True", "True", "True"),
(312, 6646, "True", "True", "True"),
(312, 6645, "True", "True", "True"),
(425, 6645, "True", "True", "True"),
(68, 6647, "True", "True", "True"),
(38, 6647, "True", "True", "True"),
(414, 6650, "True", "True", "False"),
(38, 6650, "True", "True", "True"),
(309, 6650, "True", "True", "True"),
(38, 6649, "True", "True", "True"),
(414, 6649, "True", "False", "False"),
(309, 6649, "True", "True", "True"),
(38, 6648, "True", "True", "True"),
(414, 6648, "True", "True", "True"),
(309, 6648, "True", "True", "True"),
(38, 6651, "True", "True", "True"),
(414, 6651, "True", "True", "True"),
(309, 6651, "True", "True", "True"),
(38, 6655, "True", "False", "False"),
(38, 6654, "False", "False", "False"),
(380, 6518, "True", "False", "False"),
(408, 6603, "True", "True", "True"),
(408, 6609, "True", "True", "True"),
(408, 6615, "True", "True", "True"),
(408, 6604, "False", "False", "False"),
(408, 6610, "True", "True", "True"),
(408, 6616, "True", "True", "True"),
(408, 6605, "True", "True", "True"),
(93, 6522, "False", "False", "False"),
(20, 6656, "True", "True", "True"),
(20, 6657, "True", "True", "True"),
(312, 6658, "True", "True", "True"),
(425, 6658, "True", "True", "True"),
(20, 6659, "False", "False", "False"),
(311, 6644, "True", "True", "True"),
(218, 6644, "True", "True", "True"),
(121, 6644, "False", "False", "False"),
(250, 6644, "True", "True", "True"),
(156, 6644, "True", "True", "True"),
(50, 6644, "True", "True", "True"),
(242, 6644, "True", "True", "True"),
(114, 6537, "True", "True", "True"),
(114, 6545, "True", "True", "True"),
(58, 6548, "True", "True", "True"),
(111, 6634, "True", "True", "True"),
(315, 6530, "True", "True", "True"),
(315, 6551, "False", "False", "False"),
(174, 6553, "True", "True", "True"),
(174, 6537, "True", "True", "True"),
(174, 6541, "True", "True", "True"),
(174, 6545, "False", "False", "False"),
(258, 6697, "True", "True", "True"),
(245, 6697, "True", "True", "True"),
(126, 6697, "True", "True", "True"),
(380, 6692, "True", "True", "True"),
(380, 6689, "True", "False", "False"),
(6, 6692, "True", "True", "True"),
(6, 6689, "False", "False", "False"),
(109, 6692, "True", "True", "True"),
(109, 6696, "True", "False", "False"),
(15, 6703, "False", "False", "False"),
(15, 6702, "True", "True", "True"),
(15, 6701, "True", "False", "False"),
(15, 6700, "True", "True", "True"),
(15, 6699, "True", "True", "True"),
(15, 6708, "True", "True", "True"),
(15, 6707, "True", "True", "True"),
(15, 6706, "False", "False", "False"),
(15, 6705, "False", "False", "False"),
(15, 6704, "True", "True", "True"),
(65, 6733, "True", "True", "True"),
(68, 6733, "True", "True", "True"),
(84, 6621, "True", "True", "True"),
(40, 6734, "True", "True", "True"),
(249, 6736, "True", "True", "True"),
(249, 6735, "True", "True", "True"),
(140, 6737, "True", "True", "False"),
(44, 6737, "True", "True", "True"),
(44, 6738, "True", "True", "True"),
(140, 6738, "True", "True", "True"),
(380, 6709, "True", "True", "True"),
(380, 6710, "True", "True", "True"),
(130, 6747, "False", "False", "False"),
(71, 6747, "True", "True", "True"),
(130, 6748, "True", "True", "True"),
(71, 6748, "True", "False", "False"),
(130, 6749, "True", "True", "True"),
(71, 6749, "True", "True", "True"),
(130, 6750, "True", "True", "True"),
(71, 6750, "True", "False", "False"),
(130, 6745, "True", "True", "True"),
(71, 6745, "True", "True", "True"),
(130, 6744, "True", "True", "True"),
(71, 6744, "True", "True", "True"),
(130, 6743, "True", "True", "True"),
(71, 6743, "True", "True", "True"),
(130, 6742, "True", "True", "True"),
(71, 6742, "True", "True", "True"),
(130, 6741, "True", "True", "True"),
(71, 6741, "True", "True", "True"),
(130, 6746, "True", "True", "True"),
(71, 6746, "True", "True", "True"),
(156, 6606, "True", "False", "False"),
(56, 6718, "True", "True", "True"),
(6, 6709, "False", "False", "False"),
(6, 6720, "True", "True", "True"),
(408, 6759, "True", "False", "False"),
(109, 6718, "True", "True", "True"),
(109, 6722, "True", "True", "False"),
(109, 6726, "True", "True", "True"),
(6, 6714, "True", "True", "True"),
(6, 6722, "True", "True", "True"),
(6, 6726, "True", "True", "True"),
(109, 6721, "True", "True", "True"),
(6, 6721, "True", "True", "False"),
(6, 6719, "True", "True", "True"),
(109, 6719, "True", "True", "True"),
(109, 6711, "False", "False", "False"),
(6, 6711, "True", "True", "True"),
(6, 6715, "True", "True", "False"),
(109, 6715, "True", "True", "True"),
(6, 6718, "True", "True", "True"),
(6, 6723, "True", "True", "True"),
(109, 6723, "True", "True", "True"),
(342, 6760, "True", "True", "True"),
(342, 6796, "True", "True", "True"),
(206, 6710, "False", "False", "False"),
(120, 6710, "True", "True", "True"),
(120, 6714, "True", "False", "False"),
(206, 6714, "True", "True", "True"),
(156, 6779, "True", "True", "True"),
(280, 6711, "True", "True", "True"),
(176, 6764, "True", "True", "True"),
(176, 6804, "True", "True", "True"),
(162, 6727, "True", "False", "False"),
(162, 6732, "False", "False", "False"),
(60, 6715, "True", "True", "False"),
(382, 6756, "True", "True", "True"),
(197, 6752, "True", "True", "True"),
(352, 6800, "True", "False", "False"),
(156, 6862, "True", "True", "True"),
(156, 6772, "True", "True", "True"),
(264, 6711, "True", "True", "False"),
(423, 6711, "True", "True", "True"),
(176, 6761, "True", "True", "True"),
(294, 6862, "True", "True", "True"),
(129, 6862, "False", "False", "False"),
(313, 6862, "True", "True", "True"),
(6, 6731, "True", "True", "True"),
(6, 6730, "True", "True", "True"),
(6, 6728, "False", "False", "False"),
(6, 6729, "True", "True", "True"),
(113, 6731, "True", "True", "True"),
(420, 6862, "True", "True", "False"),
(202, 6862, "False", "False", "False"),
(174, 6862, "True", "True", "True"),
(280, 6728, "True", "True", "True"),
(109, 6730, "True", "True", "True"),
(423, 6862, "True", "True", "True"),
(216, 6862, "True", "True", "True"),
(352, 6765, "True", "True", "True"),
(23, 6727, "False", "False", "False"),
(23, 6729, "True", "True", "False"),
(23, 6731, "True", "False", "False"),
(23, 6732, "True", "True", "True"),
(309, 6910, "True", "True", "True"),
(38, 6910, "True", "True", "True"),
(38, 6909, "True", "True", "True"),
(309, 6909, "True", "True", "True"),
(38, 6908, "True", "True", "True"),
(309, 6908, "True", "True", "False"),
(78, 6913, "True", "True", "True"),
(78, 6912, "False", "False", "False"),
(78, 6911, "False", "False", "False"),
(161, 6915, "True", "True", "True"),
(161, 6914, "True", "True", "True"),
(161, 6918, "True", "True", "True"),
(161, 6917, "True", "True", "True"),
(161, 6916, "True", "True", "True"),
(273, 6727, "True", "True", "True"),
(289, 6920, "True", "True", "True"),
(117, 6921, "True", "True", "True"),
(289, 6922, "False", "False", "False"),
(117, 6922, "True", "True", "True"),
(283, 6923, "True", "True", "True"),
(259, 6923, "False", "False", "False"),
(283, 6924, "True", "True", "True"),
(259, 6924, "True", "True", "True"),
(283, 6925, "True", "True", "True"),
(259, 6925, "True", "True", "True"),
(283, 6926, "True", "True", "True"),
(259, 6926, "True", "True", "True"),
(283, 6927, "True", "False", "False"),
(259, 6927, "True", "True", "True"),
(23, 6754, "False", "False", "False"),
(23, 6802, "True", "True", "True"),
(49, 6758, "True", "True", "True"),
(355, 6798, "True", "True", "True"),
(355, 6770, "True", "True", "True"),
(373, 6774, "True", "True", "True"),
(373, 6786, "True", "True", "True"),
(176, 6978, "True", "True", "True"),
(176, 6958, "True", "True", "False"),
(410, 6934, "True", "True", "True"),
(84, 6928, "True", "True", "True"),
(342, 6968, "True", "True", "True"),
(161, 7002, "True", "True", "True"),
(176, 6959, "True", "True", "True"),
(317, 7005, "False", "False", "False"),
(258, 7005, "True", "True", "True"),
(245, 7005, "True", "True", "True"),
(126, 7005, "True", "True", "True"),
(84, 6929, "True", "True", "True"),
(176, 6979, "True", "True", "True"),
(369, 7007, "True", "True", "True"),
(175, 7008, "True", "True", "True"),
(302, 7008, "False", "False", "False"),
(235, 7008, "True", "True", "True"),
(366, 7008, "True", "True", "True"),
(224, 7008, "True", "True", "True"),
(344, 7008, "True", "True", "True"),
(188, 7008, "True", "True", "True"),
(109, 7008, "False", "False", "False"),
(289, 7009, "True", "True", "True"),
(117, 7009, "True", "True", "True"),
(289, 7010, "True", "True", "False"),
(117, 7010, "True", "True", "True"),
(410, 6936, "True", "True", "True"),
(275, 6930, "False", "False", "False"),
(95, 6975, "True", "True", "True"),
(321, 6935, "True", "True", "True"),
(321, 6985, "True", "True", "True"),
(373, 7011, "False", "False", "False"),
(227, 7011, "True", "True", "True"),
(373, 7012, "True", "False", "False"),
(227, 7012, "True", "True", "True"),
(373, 7013, "True", "True", "True"),
(227, 7013, "True", "True", "True"),
(373, 7014, "True", "True", "True"),
(227, 7014, "True", "True", "False"),
(373, 7015, "True", "True", "True"),
(227, 7015, "True", "True", "True"),
(227, 7016, "True", "True", "True"),
(373, 7016, "True", "True", "True"),
(339, 7018, "True", "True", "True"),
(28, 7018, "True", "True", "True"),
(80, 6966, "False", "False", "False"),
(80, 6967, "True", "True", "True"),
(275, 6951, "True", "True", "True"),
(321, 6941, "True", "True", "True"),
(410, 6937, "True", "True", "True"),
(211, 6946, "True", "True", "True"),
(211, 6976, "True", "True", "True"),
(211, 6962, "True", "False", "False"),
(176, 6981, "True", "True", "True"),
(410, 7019, "True", "True", "True"),
(142, 7019, "True", "True", "True"),
(9, 7019, "True", "True", "True"),
(308, 7019, "True", "True", "True"),
(424, 6932, "True", "True", "True"),
(395, 7020, "True", "True", "True"),
(14, 7020, "True", "True", "False"),
(289, 7025, "True", "True", "True"),
(117, 7025, "True", "False", "False"),
(268, 7026, "True", "True", "True"),
(344, 7026, "True", "True", "True"),
(275, 6952, "True", "True", "True"),
(275, 6977, "True", "True", "True"),
(410, 7022, "True", "True", "True"),
(410, 7023, "True", "True", "True"),
(211, 6972, "True", "True", "True"),
(332, 7024, "True", "True", "True"),
(334, 6992, "True", "True", "True"),
(206, 7021, "True", "True", "True"),
(120, 7021, "True", "True", "True"),
(203, 7022, "False", "False", "False"),
(203, 7023, "True", "True", "True"),
(411, 7027, "True", "True", "True"),
(411, 7028, "True", "True", "True"),
(411, 7029, "True", "True", "True"),
(411, 7030, "True", "True", "True"),
(411, 7031, "False", "False", "False"),
(411, 7032, "True", "True", "True"),
(411, 7033, "True", "True", "True"),
(411, 7034, "False", "False", "False"),
(411, 7035, "True", "True", "True"),
(411, 7036, "True", "True", "True"),
(411, 7037, "True", "True", "True"),
(411, 7038, "False", "False", "False"),
(395, 7024, "True", "True", "True"),
(19, 7042, "True", "True", "True"),
(176, 6982, "True", "True", "True"),
(135, 7043, "True", "True", "True"),
(278, 7043, "True", "True", "True"),
(281, 7054, "True", "True", "True"),
(416, 7054, "True", "True", "True"),
(53, 7054, "True", "True", "True"),
(109, 7054, "True", "True", "True"),
(64, 7055, "True", "True", "True"),
(333, 7055, "True", "True", "True"),
(386, 7055, "True", "True", "True"),
(238, 7055, "True", "True", "True"),
(390, 7055, "True", "True", "True"),
(87, 7055, "False", "False", "False"),
(48, 7055, "True", "True", "True"),
(237, 7055, "True", "True", "True"),
(320, 7055, "True", "True", "True"),
(363, 7055, "True", "True", "True"),
(25, 7055, "True", "True", "True"),
(47, 7055, "True", "True", "True"),
(122, 7055, "False", "False", "False"),
(237, 7056, "False", "False", "False"),
(87, 7056, "True", "True", "True"),
(48, 7056, "True", "True", "True"),
(320, 7056, "True", "True", "True"),
(237, 7057, "True", "True", "True"),
(87, 7057, "True", "True", "True"),
(48, 7057, "True", "True", "True"),
(320, 7057, "True", "False", "False"),
(237, 7058, "True", "True", "True"),
(87, 7058, "True", "True", "False"),
(48, 7058, "True", "True", "True"),
(320, 7058, "True", "True", "True"),
(48, 7059, "False", "False", "False"),
(87, 7059, "True", "True", "True"),
(25, 7059, "True", "True", "True"),
(208, 7059, "True", "True", "True"),
(320, 7059, "True", "True", "True"),
(237, 7059, "True", "True", "True"),
(333, 7059, "True", "True", "True"),
(386, 7059, "False", "False", "False"),
(25, 7060, "True", "True", "True"),
(208, 7060, "False", "False", "False"),
(238, 7060, "True", "True", "True"),
(390, 7060, "True", "True", "True"),
(333, 7060, "True", "True", "True"),
(386, 7060, "True", "True", "True"),
(122, 7060, "True", "True", "True"),
(207, 7062, "True", "True", "True"),
(239, 7062, "True", "True", "True"),
(245, 7063, "True", "True", "True"),
(126, 7063, "True", "True", "True"),
(258, 7063, "True", "True", "True"),
(64, 7064, "True", "True", "True"),
(333, 7064, "True", "True", "True"),
(386, 7064, "True", "True", "True"),
(238, 7064, "True", "True", "True"),
(390, 7064, "False", "False", "False"),
(87, 7064, "True", "True", "True"),
(48, 7064, "True", "True", "True"),
(237, 7064, "True", "True", "True"),
(320, 7064, "True", "True", "True"),
(363, 7064, "True", "True", "True"),
(25, 7064, "True", "True", "True"),
(47, 7064, "True", "True", "True"),
(122, 7064, "True", "True", "True"),
(48, 7065, "True", "True", "True"),
(87, 7065, "True", "True", "True"),
(25, 7065, "True", "True", "True"),
(208, 7065, "True", "True", "True"),
(320, 7065, "True", "True", "True"),
(237, 7065, "True", "True", "True"),
(333, 7065, "True", "True", "True"),
(386, 7065, "True", "True", "True"),
(25, 7066, "True", "True", "True"),
(208, 7066, "False", "False", "False"),
(238, 7066, "True", "True", "True"),
(390, 7066, "True", "True", "True"),
(333, 7066, "True", "True", "True"),
(386, 7066, "True", "True", "True"),
(122, 7066, "True", "True", "True"),
(57, 7067, "True", "False", "False"),
(101, 7067, "False", "False", "False"),
(25, 7068, "True", "False", "False"),
(105, 7127, "True", "True", "True"),
(105, 7126, "True", "True", "True"),
(105, 7125, "True", "True", "True"),
(265, 7128, "True", "True", "True"),
(265, 7129, "True", "True", "True"),
(265, 7130, "True", "True", "True"),
(19, 7044, "True", "True", "True"),
(19, 7045, "True", "True", "True"),
(19, 7046, "True", "True", "True"),
(19, 7047, "True", "True", "True"),
(19, 7048, "True", "True", "True"),
(19, 7049, "True", "True", "True"),
(19, 7050, "True", "True", "True"),
(19, 7051, "True", "True", "True"),
(19, 7052, "True", "True", "True"),
(19, 7053, "False", "False", "False"),
(410, 7073, "True", "True", "True"),
(80, 7077, "True", "True", "True"),
(289, 7134, "True", "True", "True"),
(117, 7134, "True", "True", "True"),
(207, 7060, "True", "True", "True"),
(56, 7090, "True", "True", "True"),
(84, 7097, "True", "True", "True"),
(275, 7069, "False", "False", "False"),
(275, 7089, "True", "True", "True"),
(334, 7043, "True", "True", "True"),
(411, 7138, "True", "True", "True"),
(411, 7137, "True", "True", "True"),
(411, 7136, "True", "True", "True"),
(376, 7139, "True", "True", "True"),
(376, 7140, "True", "True", "True"),
(376, 7141, "True", "True", "True"),
(389, 7082, "True", "True", "True"),
(268, 7142, "True", "True", "True"),
(224, 7142, "True", "True", "True"),
(224, 7143, "False", "False", "False"),
(344, 7143, "False", "False", "False"),
(268, 7144, "True", "True", "True"),
(344, 7144, "True", "True", "True"),
(268, 7145, "True", "True", "True"),
(344, 7145, "False", "False", "False"),
(224, 7146, "True", "True", "True"),
(268, 7146, "True", "True", "True"),
(175, 7147, "True", "True", "True"),
(268, 7147, "True", "True", "True"),
(344, 7147, "True", "True", "True"),
(80, 7083, "True", "True", "True"),
(410, 7075, "True", "True", "True"),
(410, 7104, "True", "False", "False"),
(176, 7074, "True", "True", "True"),
(176, 7094, "True", "True", "True"),
(233, 7098, "True", "True", "True"),
(273, 7086, "True", "True", "True"),
(273, 7099, "True", "True", "True"),
(275, 7070, "True", "True", "True"),
(275, 7078, "True", "True", "True"),
(80, 7084, "True", "True", "True"),
(80, 7088, "False", "False", "False"),
(80, 7087, "True", "True", "True"),
(361, 7150, "True", "True", "True"),
(58, 7150, "False", "False", "False"),
(41, 7150, "True", "True", "True"),
(265, 7150, "True", "True", "True"),
(114, 7150, "True", "True", "True"),
(390, 7168, "True", "True", "True"),
(390, 7169, "True", "True", "True"),
(390, 7170, "True", "True", "True"),
(368, 7178, "True", "True", "True"),
(194, 7178, "True", "True", "True"),
(368, 7179, "True", "True", "True"),
(368, 7180, "True", "True", "True"),
(194, 7179, "True", "False", "False"),
(194, 7180, "True", "True", "True"),
(238, 7170, "True", "True", "True"),
(238, 7169, "True", "True", "True"),
(315, 7103, "True", "True", "True"),
(275, 7166, "True", "True", "False"),
(275, 7167, "True", "True", "True"),
(275, 7175, "True", "True", "True"),
(311, 7071, "True", "True", "True"),
(95, 7091, "True", "True", "True"),
(174, 7154, "True", "True", "True"),
(174, 7155, "True", "True", "True"),
(174, 7172, "True", "True", "True"),
(174, 7173, "True", "True", "True"),
(174, 7174, "False", "False", "False"),
(174, 7156, "True", "True", "True"),
(174, 7178, "True", "True", "True"),
(174, 7179, "True", "True", "True"),
(174, 7180, "True", "True", "True"),
(176, 7095, "True", "True", "True"),
(207, 7166, "False", "False", "False"),
(207, 7151, "False", "False", "False"),
(234, 7166, "True", "True", "True"),
(234, 7151, "True", "True", "True"),
(234, 7156, "True", "True", "True"),
(207, 7153, "True", "True", "True"),
(401, 7166, "True", "True", "True"),
(401, 7151, "True", "True", "True"),
(401, 7156, "True", "True", "True"),
(54, 7151, "False", "False", "False"),
(100, 7107, "True", "True", "True"),
(100, 7100, "True", "True", "True"),
(100, 7119, "True", "True", "True"),
(100, 7124, "True", "True", "True"),
(263, 7160, "True", "True", "True"),
(269, 7151, "True", "True", "True"),
(263, 7171, "True", "True", "True"),
(269, 7153, "True", "True", "True"),
(173, 7171, "True", "True", "True"),
(269, 7152, "True", "True", "True"),
(269, 7164, "True", "True", "True"),
(200, 7166, "True", "True", "True"),
(200, 7107, "True", "True", "True"),
(420, 7154, "True", "True", "True"),
(420, 7155, "False", "False", "False"),
(420, 7156, "False", "False", "False"),
(420, 7163, "True", "True", "True"),
(135, 7154, "True", "True", "True"),
(54, 7154, "True", "True", "True"),
(402, 7154, "True", "True", "True"),
(202, 7154, "True", "True", "True"),
(202, 7155, "True", "True", "True"),
(202, 7156, "True", "True", "True"),
(202, 7163, "True", "True", "True"),
(161, 7211, "True", "True", "True"),
(338, 7175, "True", "True", "True"),
(338, 7151, "True", "True", "True"),
(338, 7152, "True", "True", "True"),
(338, 7153, "True", "True", "True"),
(338, 7164, "True", "True", "True"),
(313, 7153, "True", "True", "True"),
(91, 7080, "True", "True", "True"),
(91, 7076, "True", "True", "True"),
(200, 7112, "True", "True", "True"),
(200, 7080, "True", "True", "True"),
(11, 7162, "True", "True", "True"),
(11, 7175, "False", "False", "False"),
(341, 7215, "True", "True", "True"),
(24, 7215, "True", "True", "True"),
(105, 7172, "True", "True", "True"),
(11, 7171, "True", "True", "True"),
(105, 7174, "False", "False", "False"),
(107, 7172, "True", "True", "True"),
(105, 7173, "True", "True", "True"),
(107, 7173, "True", "True", "True"),
(107, 7174, "True", "False", "False"),
(173, 7175, "True", "True", "True"),
(249, 7216, "True", "True", "True"),
(368, 7216, "True", "True", "True"),
(275, 7218, "True", "True", "True"),
(268, 7170, "True", "True", "True"),
(344, 7170, "True", "True", "True"),
(344, 7171, "True", "False", "False"),
(268, 7171, "True", "True", "True"),
(342, 7151, "True", "True", "True"),
(381, 7151, "True", "True", "True"),
(342, 7161, "True", "True", "True"),
(381, 7161, "True", "True", "True"),
(417, 7219, "False", "False", "False"),
(417, 7220, "True", "True", "True"),
(417, 7222, "True", "True", "True"),
(417, 7223, "True", "True", "True"),
(417, 7224, "True", "True", "True"),
(417, 7225, "False", "False", "False"),
(417, 7226, "True", "True", "True"),
(417, 7227, "True", "True", "True"),
(328, 7151, "True", "True", "True"),
(328, 7161, "True", "True", "True"),
(292, 7116, "True", "True", "True"),
(102, 7096, "True", "True", "True"),
(292, 7072, "True", "True", "False"),
(292, 7108, "True", "True", "True"),
(262, 7167, "True", "True", "True"),
(206, 7174, "True", "True", "True"),
(206, 7173, "True", "True", "True"),
(206, 7172, "True", "True", "True"),
(206, 7179, "True", "True", "True"),
(206, 7180, "True", "True", "True"),
(206, 7178, "True", "True", "True"),
(206, 7154, "True", "False", "False"),
(206, 7156, "True", "True", "True"),
(314, 7233, "True", "True", "True"),
(146, 7228, "True", "True", "True"),
(146, 7229, "True", "True", "True"),
(314, 7234, "True", "True", "True"),
(146, 7221, "True", "True", "False"),
(230, 7221, "True", "True", "True"),
(146, 7230, "True", "True", "True"),
(146, 7231, "True", "False", "False"),
(200, 7152, "True", "True", "True"),
(57, 7154, "False", "False", "False"),
(57, 7152, "True", "True", "True"),
(57, 7173, "True", "True", "True"),
(57, 7175, "True", "True", "True"),
(140, 7157, "True", "True", "True"),
(44, 7157, "True", "True", "True"),
(182, 7157, "False", "False", "False"),
(44, 7152, "True", "True", "True"),
(182, 7152, "True", "True", "True"),
(110, 7152, "False", "False", "False"),
(110, 7157, "True", "True", "True"),
(182, 7153, "True", "True", "True"),
(44, 7153, "False", "False", "False"),
(110, 7153, "True", "True", "True"),
(182, 7167, "True", "True", "True"),
(44, 7167, "True", "True", "True"),
(182, 7176, "True", "True", "True"),
(44, 7176, "True", "True", "False"),
(140, 7152, "True", "True", "True"),
(140, 7153, "True", "True", "True"),
(140, 7158, "True", "True", "True"),
(140, 7176, "True", "True", "True"),
(174, 7181, "True", "True", "True"),
(53, 7218, "True", "True", "True"),
(53, 7221, "True", "True", "True"),
(137, 7155, "True", "True", "True"),
(397, 7155, "True", "True", "True"),
(137, 7112, "True", "True", "True"),
(321, 7120, "True", "True", "True"),
(282, 7283, "True", "True", "True"),
(36, 7283, "True", "True", "True"),
(204, 7283, "False", "False", "False"),
(267, 7166, "True", "True", "True"),
(267, 7157, "True", "True", "True"),
(267, 7161, "True", "True", "True"),
(267, 7171, "True", "True", "True"),
(267, 7163, "True", "True", "True"),
(267, 7156, "True", "True", "True"),
(267, 7169, "True", "True", "True"),
(209, 7154, "True", "True", "True"),
(209, 7155, "True", "True", "True"),
(209, 7156, "True", "True", "True"),
(209, 7157, "True", "True", "True"),
(209, 7161, "True", "True", "True"),
(209, 7176, "True", "True", "True"),
(209, 7177, "True", "True", "True"),
(269, 7282, "True", "True", "True"),
(338, 7281, "True", "True", "True"),
(269, 7281, "True", "True", "True"),
(338, 7282, "True", "True", "True"),
(312, 7230, "False", "False", "False"),
(312, 7231, "True", "True", "True"),
(374, 7173, "True", "True", "True"),
(374, 7154, "True", "True", "True"),
(374, 7092, "True", "True", "True"),
(2, 7169, "True", "True", "True"),
(2, 7167, "True", "False", "False"),
(2, 7168, "True", "True", "False"),
(190, 7169, "True", "True", "True"),
(190, 7167, "True", "True", "True"),
(190, 7168, "True", "True", "True"),
(374, 7248, "True", "True", "True"),
(57, 7248, "True", "True", "True"),
(374, 7276, "True", "True", "True"),
(57, 7276, "True", "True", "True"),
(315, 7255, "False", "False", "False"),
(102, 7255, "True", "True", "True"),
(334, 7221, "True", "True", "True"),
(334, 7224, "True", "True", "True"),
(334, 7155, "False", "False", "False"),
(207, 7256, "True", "False", "False"),
(105, 7256, "True", "True", "True"),
(135, 7241, "False", "False", "False"),
(236, 7241, "True", "True", "True"),
(410, 7262, "True", "True", "True"),
(410, 7263, "False", "False", "False"),
(136, 7220, "True", "True", "False"),
(406, 7158, "True", "True", "True"),
(406, 7159, "True", "True", "True"),
(314, 7269, "True", "True", "True"),
(341, 7269, "True", "True", "True"),
(314, 7228, "True", "True", "False"),
(314, 7229, "True", "True", "True"),
(66, 7246, "True", "True", "True"),
(66, 7267, "True", "True", "True"),
(66, 7247, "True", "True", "True"),
(66, 7268, "True", "True", "True"),
(66, 7266, "True", "True", "True"),
(314, 7266, "True", "True", "True"),
(314, 7270, "True", "True", "True"),
(341, 7270, "True", "True", "True"),
(314, 7252, "True", "True", "True"),
(341, 7252, "True", "True", "True"),
(263, 7155, "True", "True", "True"),
(263, 7157, "True", "True", "True"),
(263, 7158, "True", "True", "True"),
(263, 7159, "True", "True", "True"),
(50, 7253, "True", "True", "True"),
(50, 7254, "True", "True", "True"),
(177, 7254, "True", "True", "True"),
(242, 7253, "True", "True", "True"),
(335, 7242, "True", "True", "True"),
(242, 7247, "True", "True", "False"),
(106, 7242, "True", "True", "True"),
(335, 7262, "True", "True", "True"),
(335, 7261, "True", "True", "True"),
(74, 7260, "True", "True", "True"),
(74, 7274, "True", "True", "True"),
(240, 7260, "True", "True", "True"),
(240, 7274, "True", "True", "True"),
(177, 7268, "True", "True", "True"),
(417, 7232, "True", "True", "False"),
(206, 7259, "True", "True", "True"),
(206, 7280, "True", "True", "True"),
(120, 7259, "False", "False", "False"),
(120, 7280, "True", "True", "True"),
(203, 7263, "True", "True", "True"),
(289, 7285, "True", "True", "True"),
(271, 7285, "True", "True", "True"),
(4, 7285, "True", "True", "True"),
(351, 7285, "False", "False", "False"),
(297, 7285, "True", "True", "True"),
(101, 7285, "True", "True", "False"),
(145, 7285, "True", "False", "False"),
(33, 7285, "True", "True", "True"),
(400, 7285, "True", "True", "True"),
(167, 7285, "True", "False", "False"),
(57, 7285, "True", "True", "True"),
(220, 7285, "True", "True", "True"),
(374, 7285, "True", "True", "True"),
(189, 7285, "True", "True", "True"),
(84, 7277, "True", "True", "True"),
(84, 7264, "True", "True", "True"),
(66, 7286, "True", "True", "True"),
(50, 7267, "True", "True", "True"),
(410, 7299, "True", "True", "True"),
(278, 7299, "True", "True", "True"),
(177, 7299, "True", "True", "True"),
(203, 7299, "True", "True", "True"),
(160, 7177, "True", "True", "True"),
(160, 7181, "True", "True", "True"),
(160, 7168, "False", "False", "False"),
(198, 7172, "False", "False", "False"),
(275, 7256, "True", "True", "False"),
(382, 7155, "True", "True", "True"),
(197, 7155, "True", "True", "False"),
(128, 7168, "True", "True", "True"),
(128, 7172, "True", "True", "True"),
(128, 7177, "True", "True", "True"),
(128, 7161, "True", "True", "True"),
(113, 7222, "True", "True", "True"),
(410, 7364, "True", "True", "True"),
(410, 7365, "True", "True", "True"),
(342, 7331, "True", "True", "True"),
(342, 7349, "True", "True", "True"),
(290, 7300, "True", "True", "True"),
(410, 7362, "True", "True", "False"),
(410, 7363, "True", "True", "True"),
(230, 7246, "True", "True", "True"),
(137, 7249, "True", "True", "True"),
(397, 7249, "True", "True", "True"),
(137, 7243, "True", "True", "True"),
(397, 7243, "True", "True", "True"),
(397, 7244, "True", "True", "True"),
(137, 7244, "True", "True", "True"),
(397, 7245, "True", "True", "True"),
(137, 7245, "True", "True", "True"),
(137, 7186, "True", "True", "True"),
(137, 7182, "True", "True", "True"),
(397, 7182, "True", "True", "True"),
(397, 7199, "True", "True", "True"),
(397, 7186, "True", "True", "True"),
(137, 7168, "True", "True", "True"),
(397, 7168, "True", "True", "True"),
(397, 7157, "False", "False", "False"),
(137, 7157, "True", "True", "True"),
(137, 7273, "True", "False", "False"),
(397, 7273, "True", "True", "True"),
(137, 7275, "True", "True", "True"),
(397, 7275, "True", "True", "True"),
(397, 7320, "True", "True", "True"),
(341, 7286, "True", "True", "True"),
(422, 7286, "True", "True", "True"),
(80, 7326, "True", "False", "False"),
(80, 7344, "True", "True", "True"),
(80, 7345, "True", "True", "True"),
(80, 7328, "False", "False", "False"),
(80, 7346, "True", "True", "True"),
(80, 7329, "True", "True", "True"),
(80, 7347, "True", "False", "False"),
(80, 7330, "True", "False", "False"),
(332, 7288, "True", "True", "True"),
(332, 7289, "True", "True", "True"),
(389, 7332, "True", "True", "True"),
(389, 7334, "True", "True", "True"),
(426, 7287, "True", "True", "True"),
(426, 7157, "True", "True", "True"),
(426, 7223, "True", "True", "True"),
(426, 7225, "True", "True", "True"),
(426, 7161, "True", "True", "True"),
(426, 7159, "True", "True", "True"),
(426, 7177, "True", "True", "True"),
(59, 7166, "True", "True", "False"),
(59, 7158, "True", "True", "True"),
(59, 7287, "True", "False", "False"),
(169, 7401, "True", "True", "True"),
(169, 7400, "False", "False", "False"),
(169, 7402, "True", "True", "True"),
(339, 7404, "False", "False", "False"),
(339, 7403, "False", "False", "False"),
(410, 7382, "True", "True", "True"),
(410, 7383, "True", "True", "True"),
(84, 7356, "True", "True", "True"),
(209, 7183, "True", "True", "True"),
(268, 7183, "True", "True", "True"),
(315, 7169, "True", "True", "True"),
(315, 7170, "True", "True", "True"),
(287, 7368, "True", "True", "True"),
(287, 7386, "True", "False", "False"),
(287, 7172, "True", "True", "True"),
(287, 7170, "True", "True", "True"),
(287, 7171, "True", "True", "True"),
(48, 7301, "False", "False", "False"),
(368, 7407, "False", "False", "False"),
(249, 7407, "True", "True", "True"),
(368, 7406, "True", "True", "True"),
(249, 7406, "True", "True", "True"),
(368, 7405, "True", "True", "True"),
(249, 7405, "True", "True", "True"),
(43, 7287, "True", "True", "False"),
(43, 7163, "True", "True", "True"),
(43, 7164, "False", "False", "False"),
(43, 7165, "True", "True", "True"),
(420, 7409, "True", "True", "True"),
(420, 7410, "True", "True", "True"),
(420, 7411, "True", "True", "True"),
(420, 7412, "True", "True", "True"),
(420, 7413, "True", "True", "True"),
(348, 7415, "True", "True", "True"),
(329, 7415, "True", "True", "True"),
(167, 7415, "True", "True", "True"),
(246, 7415, "True", "True", "True"),
(348, 7414, "False", "False", "False"),
(329, 7414, "True", "True", "True"),
(167, 7414, "True", "True", "True"),
(246, 7414, "True", "False", "False"),
(149, 7288, "True", "True", "True"),
(405, 7288, "True", "True", "True"),
(48, 7191, "True", "True", "True"),
(48, 7192, "True", "True", "True"),
(48, 7193, "True", "True", "True"),
(48, 7194, "True", "False", "False"),
(85, 7417, "True", "True", "True"),
(37, 7417, "False", "False", "False"),
(328, 7417, "True", "True", "True"),
(85, 7421, "True", "False", "False"),
(37, 7421, "True", "True", "True"),
(85, 7420, "True", "True", "True"),
(37, 7420, "True", "True", "True"),
(85, 7419, "True", "True", "True"),
(37, 7419, "False", "False", "False"),
(85, 7418, "True", "True", "True"),
(37, 7418, "True", "True", "True"),
(169, 7422, "True", "True", "True"),
(363, 7191, "True", "True", "True"),
(363, 7192, "True", "True", "True"),
(147, 7289, "True", "True", "True"),
(428, 7289, "True", "True", "True"),
(428, 7290, "True", "True", "True"),
(147, 7290, "True", "True", "True"),
(292, 7425, "True", "True", "True"),
(87, 7291, "True", "True", "True"),
(237, 7291, "False", "False", "False"),
(363, 7291, "True", "True", "True"),
(197, 7295, "True", "True", "True"),
(197, 7296, "True", "True", "True"),
(382, 7295, "True", "True", "True"),
(382, 7296, "False", "False", "False"),
(306, 7295, "True", "True", "True"),
(306, 7296, "True", "True", "True"),
(129, 7427, "True", "True", "True"),
(129, 7426, "True", "True", "True"),
(24, 7426, "True", "True", "True"),
(91, 7426, "True", "True", "True"),
(93, 7426, "True", "True", "True"),
(428, 7292, "True", "True", "True"),
(199, 7165, "True", "True", "True"),
(199, 7171, "True", "True", "True"),
(199, 7157, "True", "True", "True"),
(199, 7161, "True", "True", "True"),
(181, 7426, "True", "True", "True"),
(121, 7426, "False", "False", "False"),
(84, 7163, "True", "True", "True"),
(378, 7163, "True", "True", "True"),
(378, 7164, "True", "True", "True"),
(84, 7164, "True", "True", "True"),
(341, 7426, "True", "True", "True"),
(390, 7426, "True", "True", "True"),
(198, 7426, "True", "True", "True"),
(105, 7429, "True", "True", "True"),
(107, 7429, "True", "False", "False"),
(296, 7426, "True", "True", "True"),
(1, 7157, "True", "True", "True"),
(345, 7157, "True", "True", "True"),
(1, 7161, "True", "True", "True"),
(345, 7161, "True", "True", "True"),
(1, 7159, "True", "True", "True"),
(345, 7159, "True", "False", "False"),
(345, 7187, "True", "True", "True"),
(1, 7187, "True", "True", "True"),
(1, 7188, "True", "False", "False"),
(345, 7188, "True", "True", "True"),
(334, 7223, "True", "True", "True"),
(334, 7225, "True", "True", "True"),
(334, 7226, "True", "True", "True"),
(334, 7358, "True", "True", "False"),
(25, 7429, "True", "True", "True"),
(176, 7322, "True", "True", "True"),
(176, 7352, "True", "True", "True"),
(198, 7427, "True", "True", "True"),
(343, 7427, "False", "False", "False"),
(25, 7428, "False", "False", "False"),
(343, 7428, "True", "True", "True"),
(334, 7427, "True", "True", "True"),
(343, 7174, "True", "True", "True"),
(327, 7174, "False", "False", "False"),
(192, 7158, "True", "True", "True"),
(343, 7158, "False", "False", "False"),
(343, 7163, "True", "True", "True"),
(327, 7163, "True", "True", "True"),
(343, 7203, "True", "True", "True"),
(359, 7203, "True", "True", "True"),
(224, 7433, "True", "True", "True"),
(268, 7433, "True", "True", "True"),
(344, 7434, "True", "True", "True"),
(268, 7434, "True", "True", "True"),
(268, 7435, "True", "True", "True"),
(344, 7435, "True", "True", "True"),
(423, 7429, "True", "True", "True"),
(83, 7287, "True", "True", "True"),
(259, 7289, "True", "True", "True"),
(396, 7161, "False", "False", "False"),
(82, 7173, "True", "True", "True"),
(82, 7293, "True", "True", "True"),
(217, 7428, "True", "True", "True"),
(426, 7184, "True", "True", "True"),
(160, 7184, "True", "True", "True"),
(144, 7360, "True", "True", "True"),
(144, 7359, "True", "True", "True"),
(230, 7427, "True", "True", "True"),
(146, 7233, "True", "True", "True"),
(230, 7233, "True", "True", "False"),
(230, 7237, "True", "True", "True"),
(146, 7237, "True", "True", "True"),
(146, 7234, "True", "True", "True"),
(97, 7234, "True", "False", "False"),
(353, 7292, "True", "True", "True"),
(308, 7292, "True", "True", "True"),
(353, 7441, "True", "True", "False"),
(308, 7441, "False", "False", "False"),
(24, 7442, "True", "True", "True"),
(198, 7445, "True", "True", "True"),
(424, 7440, "True", "True", "False"),
(84, 7440, "True", "True", "True"),
(315, 7451, "True", "True", "True"),
(315, 7442, "True", "True", "True"),
(233, 7450, "True", "True", "True"),
(106, 7450, "True", "True", "True"),
(106, 7451, "True", "True", "True"),
(325, 7452, "True", "True", "True"),
(200, 7452, "True", "True", "True"),
(233, 7377, "True", "True", "True"),
(275, 7304, "True", "True", "True"),
(275, 7371, "True", "True", "False"),
(275, 7341, "True", "True", "True"),
(334, 7228, "True", "True", "True"),
(86, 7293, "True", "True", "True"),
(336, 7293, "True", "True", "True"),
(336, 7290, "True", "True", "True"),
(332, 7290, "True", "True", "True"),
(428, 7295, "True", "True", "True"),
(426, 7232, "True", "True", "True"),
(357, 7448, "True", "True", "True"),
(399, 7157, "False", "False", "False"),
(399, 7158, "True", "True", "False"),
(399, 7193, "True", "True", "True"),
(165, 7461, "True", "True", "True"),
(257, 7461, "True", "True", "True"),
(192, 7461, "True", "True", "True"),
(181, 7461, "True", "True", "False"),
(196, 7461, "True", "True", "True"),
(151, 7461, "False", "False", "False"),
(242, 7461, "True", "True", "True"),
(192, 7462, "True", "True", "True"),
(121, 7462, "True", "True", "True"),
(71, 7462, "False", "False", "False"),
(192, 7463, "True", "True", "True"),
(71, 7463, "True", "True", "True"),
(121, 7463, "True", "True", "True"),
(91, 7460, "True", "True", "True"),
(21, 7457, "True", "True", "True"),
(170, 7457, "True", "True", "True"),
(207, 7443, "True", "True", "True"),
(234, 7443, "True", "True", "True"),
(176, 7323, "True", "True", "False"),
(318, 7235, "True", "True", "True"),
(318, 7236, "True", "True", "True"),
(318, 7238, "True", "True", "True"),
(233, 7372, "True", "True", "False"),
(233, 7157, "True", "True", "True"),
(233, 7161, "True", "True", "True"),
(45, 7158, "True", "True", "True"),
(45, 7159, "True", "True", "True"),
(201, 7158, "True", "True", "False"),
(201, 7159, "True", "True", "True"),
(372, 7158, "True", "True", "True"),
(372, 7159, "True", "True", "True"),
(180, 7163, "True", "True", "True"),
(180, 7159, "True", "True", "True"),
(180, 7158, "True", "False", "False"),
(200, 7460, "True", "True", "True"),
(325, 7460, "True", "False", "False"),
(206, 7157, "True", "True", "True"),
(178, 7460, "True", "True", "True"),
(61, 7460, "True", "True", "True"),
(266, 7460, "True", "True", "True"),
(156, 7447, "True", "True", "True"),
(242, 7447, "True", "True", "True"),
(227, 7449, "True", "True", "True"),
(373, 7449, "True", "True", "True"),
(247, 7464, "True", "True", "True"),
(94, 7464, "True", "True", "True"),
(152, 7464, "True", "True", "True"),
(247, 7465, "True", "True", "True"),
(152, 7465, "True", "True", "True"),
(7, 7465, "True", "True", "True"),
(152, 7466, "True", "True", "True"),
(247, 7466, "True", "True", "True"),
(7, 7466, "False", "False", "False"),
(152, 7467, "True", "True", "True"),
(247, 7467, "True", "True", "True"),
(7, 7467, "True", "True", "True"),
(152, 7468, "True", "True", "True"),
(247, 7468, "True", "True", "True"),
(7, 7468, "False", "False", "False"),
(152, 7469, "False", "False", "False"),
(247, 7469, "True", "False", "False"),
(7, 7469, "True", "True", "True"),
(152, 7470, "True", "True", "True"),
(247, 7470, "True", "True", "True"),
(7, 7470, "True", "True", "True"),
(152, 7471, "True", "True", "True"),
(247, 7471, "True", "True", "True"),
(7, 7471, "True", "True", "True"),
(152, 7472, "True", "False", "False"),
(247, 7472, "True", "True", "True"),
(7, 7472, "True", "True", "True"),
(152, 7473, "True", "True", "False"),
(247, 7473, "True", "True", "True"),
(94, 7473, "True", "True", "True"),
(409, 7478, "True", "True", "True"),
(409, 7477, "True", "True", "True"),
(409, 7476, "True", "False", "False"),
(409, 7475, "False", "False", "False"),
(409, 7474, "True", "True", "True"),
(53, 7228, "True", "True", "False"),
(315, 7460, "False", "False", "False"),
(102, 7460, "True", "True", "True"),
(330, 7458, "True", "True", "True"),
(373, 7458, "True", "True", "True"),
(10, 7324, "True", "True", "True"),
(29, 7154, "True", "True", "True"),
(29, 7448, "True", "True", "True"),
(29, 7459, "True", "True", "True"),
(29, 7305, "True", "True", "True"),
(29, 7336, "True", "True", "True"),
(29, 7348, "True", "False", "False"),
(29, 7493, "True", "True", "True"),
(29, 7483, "True", "True", "True"),
(29, 7152, "True", "True", "True"),
(29, 7501, "True", "True", "True"),
(29, 7502, "True", "False", "False"),
(29, 7503, "True", "True", "True"),
(385, 7496, "True", "True", "True"),
(385, 7497, "True", "True", "True"),
(385, 7498, "True", "True", "True"),
(385, 7499, "False", "False", "False"),
(385, 7501, "True", "True", "True"),
(385, 7502, "True", "True", "True"),
(385, 7503, "True", "True", "True"),
(191, 7496, "True", "True", "True"),
(191, 7497, "True", "False", "False"),
(191, 7498, "True", "True", "True"),
(191, 7499, "True", "True", "True"),
(191, 7501, "False", "False", "False"),
(191, 7502, "True", "True", "True"),
(191, 7503, "True", "True", "True"),
(385, 7504, "True", "True", "True"),
(191, 7504, "False", "False", "False"),
(390, 7541, "True", "True", "True"),
(390, 7542, "True", "True", "True"),
(390, 7543, "True", "True", "False"),
(390, 7544, "True", "True", "False"),
(411, 7546, "True", "True", "False"),
(411, 7548, "False", "False", "False"),
(411, 7547, "True", "True", "True"),
(226, 7549, "True", "False", "False"),
(226, 7550, "True", "True", "True"),
(214, 7549, "True", "True", "True"),
(226, 7551, "True", "True", "True"),
(226, 7552, "True", "True", "True"),
(214, 7550, "True", "True", "True"),
(214, 7551, "False", "False", "False"),
(214, 7552, "True", "True", "False"),
(215, 7460, "True", "True", "True"),
(62, 7460, "True", "True", "True"),
(264, 7429, "True", "True", "True"),
(291, 7429, "True", "True", "True"),
(24, 7521, "True", "True", "True"),
(24, 7522, "True", "True", "True"),
(24, 7523, "True", "True", "True"),
(24, 7524, "True", "True", "True"),
(88, 7289, "True", "True", "True"),
(233, 7384, "True", "True", "True"),
(233, 7496, "True", "True", "True"),
(233, 7498, "True", "True", "True"),
(233, 7501, "True", "True", "True"),
(334, 7496, "False", "False", "False"),
(334, 7497, "True", "True", "True"),
(49, 7497, "True", "True", "True"),
(49, 7498, "True", "True", "True"),
(49, 7502, "True", "True", "True"),
(49, 7503, "True", "True", "True"),
(49, 7504, "True", "True", "True"),
(49, 7505, "True", "False", "False"),
(49, 7506, "True", "True", "True"),
(118, 7491, "True", "True", "True"),
(396, 7506, "True", "True", "True"),
(396, 7507, "True", "True", "True"),
(396, 7508, "True", "True", "True"),
(396, 7509, "True", "True", "True"),
(143, 7506, "True", "True", "True"),
(143, 7507, "True", "True", "True"),
(143, 7508, "True", "True", "True"),
(143, 7509, "True", "True", "True"),
(221, 7569, "True", "True", "True"),
(126, 7569, "True", "True", "True"),
(258, 7569, "False", "False", "False"),
(258, 7570, "True", "True", "True"),
(126, 7570, "True", "True", "True"),
(267, 7155, "True", "True", "True"),
(10, 7524, "True", "True", "False"),
(10, 7521, "True", "True", "True"),
(10, 7522, "True", "False", "False"),
(10, 7523, "True", "True", "True"),
(299, 7499, "True", "True", "True"),
(90, 7531, "True", "True", "False"),
(90, 7532, "False", "False", "False"),
(118, 7532, "False", "False", "False"),
(118, 7531, "True", "True", "True"),
(105, 7597, "True", "True", "True"),
(105, 7596, "True", "False", "False"),
(113, 7598, "True", "True", "True"),
(113, 7599, "False", "False", "False"),
(113, 7600, "True", "True", "True"),
(113, 7601, "True", "True", "True"),
(113, 7602, "False", "False", "False"),
(339, 7603, "True", "True", "True"),
(165, 7605, "True", "True", "True"),
(313, 7605, "True", "False", "False"),
(257, 7605, "True", "True", "True"),
(71, 7605, "True", "True", "True"),
(165, 7604, "True", "True", "True"),
(313, 7604, "True", "True", "True"),
(257, 7604, "True", "True", "True"),
(71, 7604, "True", "True", "True"),
(165, 7606, "True", "True", "True"),
(313, 7606, "True", "True", "True"),
(257, 7606, "True", "True", "True"),
(71, 7606, "True", "True", "True"),
(99, 7586, "True", "True", "True"),
(99, 7587, "True", "True", "True"),
(99, 7588, "True", "True", "True"),
(99, 7591, "True", "True", "True"),
(99, 7592, "True", "True", "True"),
(99, 7593, "True", "True", "True"),
(368, 7586, "True", "True", "True"),
(194, 7586, "True", "True", "True"),
(368, 7587, "True", "True", "True"),
(194, 7588, "True", "True", "False"),
(368, 7588, "True", "True", "True"),
(368, 7591, "True", "True", "True"),
(194, 7587, "True", "True", "True"),
(194, 7591, "True", "True", "True"),
(134, 7591, "True", "True", "True"),
(194, 7592, "True", "True", "True"),
(194, 7593, "True", "True", "True"),
(406, 7160, "True", "True", "True"),
(406, 7185, "True", "True", "True"),
(198, 7607, "True", "True", "True"),
(364, 7676, "True", "True", "True"),
(77, 7677, "True", "True", "True"),
(77, 7678, "True", "True", "True"),
(77, 7680, "True", "False", "False"),
(77, 7681, "True", "True", "True"),
(77, 7682, "True", "True", "True"),
(77, 7683, "True", "True", "False"),
(368, 7592, "True", "True", "True"),
(306, 7607, "True", "True", "True"),
(419, 7586, "True", "True", "True"),
(419, 7588, "True", "True", "True"),
(419, 7587, "True", "True", "True"),
(419, 7589, "False", "False", "False"),
(419, 7591, "True", "True", "True"),
(419, 7592, "True", "True", "True"),
(419, 7593, "True", "True", "True"),
(419, 7594, "True", "True", "True"),
(29, 7172, "True", "True", "True"),
(29, 7612, "True", "True", "True"),
(206, 7607, "True", "True", "True"),
(120, 7607, "True", "True", "True"),
(231, 7627, "True", "True", "True"),
(144, 7644, "True", "True", "True"),
(144, 7645, "True", "True", "True"),
(144, 7646, "True", "True", "True"),
(54, 7610, "True", "True", "True"),
(135, 7610, "True", "True", "True"),
(402, 7610, "True", "True", "True"),
(36, 7684, "True", "True", "True"),
(282, 7684, "True", "True", "True"),
(36, 7686, "True", "True", "True"),
(36, 7688, "True", "True", "True"),
(282, 7685, "True", "True", "False"),
(282, 7686, "True", "True", "True"),
(36, 7691, "True", "True", "True"),
(282, 7687, "True", "True", "True"),
(36, 7689, "True", "True", "True"),
(282, 7690, "True", "True", "True"),
(282, 7688, "True", "True", "True"),
(282, 7689, "True", "True", "True"),
(36, 7685, "True", "True", "True"),
(282, 7691, "True", "True", "True"),
(36, 7687, "True", "True", "True"),
(36, 7690, "False", "False", "False"),
(202, 7586, "True", "True", "True"),
(202, 7587, "True", "True", "True"),
(202, 7588, "True", "False", "False"),
(202, 7589, "True", "True", "True"),
(202, 7656, "False", "False", "False"),
(202, 7669, "True", "True", "True"),
(293, 7649, "True", "True", "True"),
(417, 7228, "True", "True", "True"),
(202, 7591, "True", "True", "True"),
(202, 7592, "True", "True", "True"),
(421, 7607, "True", "True", "True"),
(269, 7158, "True", "True", "False"),
(105, 7607, "True", "True", "True"),
(301, 7692, "True", "False", "False"),
(300, 7692, "True", "True", "True"),
(9, 7692, "True", "True", "True"),
(308, 7692, "True", "True", "True"),
(299, 7607, "True", "True", "True"),
(299, 7506, "True", "True", "True"),
(299, 7507, "False", "False", "False"),
(299, 7508, "True", "True", "True"),
(299, 7509, "True", "True", "True"),
(299, 7511, "True", "False", "False"),
(299, 7512, "True", "True", "True"),
(299, 7513, "True", "True", "True"),
(299, 7514, "True", "True", "True"),
(157, 7610, "True", "True", "True"),
(394, 7509, "False", "False", "False"),
(394, 7507, "True", "True", "True"),
(102, 7607, "True", "False", "False"),
(21, 7504, "True", "True", "True"),
(315, 7607, "True", "True", "True"),
(107, 7609, "True", "True", "True"),
(278, 7694, "True", "True", "True"),
(278, 7695, "True", "True", "True"),
(278, 7696, "True", "True", "True"),
(278, 7697, "True", "True", "True"),
(278, 7698, "True", "True", "True"),
(328, 7700, "True", "True", "True"),
(328, 7699, "False", "False", "False"),
(357, 7611, "True", "False", "False"),
(2, 7610, "True", "True", "True"),
(190, 7610, "True", "True", "True"),
(411, 7701, "True", "True", "True"),
(205, 7702, "True", "True", "True"),
(205, 7703, "True", "True", "True"),
(256, 7703, "True", "True", "True"),
(256, 7702, "True", "True", "True"),
(218, 7173, "True", "True", "True"),
(218, 7586, "True", "True", "True"),
(218, 7587, "True", "True", "True"),
(218, 7588, "True", "True", "True"),
(218, 7592, "True", "True", "True"),
(218, 7593, "True", "True", "True"),
(218, 7594, "True", "True", "True"),
(218, 7595, "True", "True", "True"),
(50, 7611, "True", "True", "True"),
(156, 7611, "True", "True", "True"),
(242, 7611, "True", "True", "True"),
(72, 7505, "False", "False", "False"),
(105, 7499, "True", "True", "True"),
(105, 7505, "True", "True", "False"),
(48, 7618, "True", "True", "True"),
(294, 7611, "True", "True", "True"),
(294, 7500, "True", "True", "True"),
(121, 7500, "True", "True", "True"),
(50, 7500, "True", "True", "True"),
(242, 7500, "True", "True", "True"),
(250, 7174, "True", "True", "True"),
(305, 7608, "True", "True", "True"),
(327, 7608, "True", "True", "True"),
(39, 7706, "True", "True", "True"),
(390, 7707, "True", "True", "True"),
(343, 7707, "True", "True", "True"),
(11, 7706, "True", "True", "True"),
(200, 7706, "True", "True", "True"),
(315, 7706, "True", "True", "True"),
(144, 7655, "True", "True", "True"),
(11, 7707, "False", "False", "False"),
(407, 7608, "True", "True", "True"),
(184, 7713, "True", "True", "True"),
(184, 7714, "True", "True", "False"),
(127, 7713, "True", "True", "True"),
(184, 7715, "True", "True", "True"),
(184, 7716, "False", "False", "False"),
(184, 7717, "True", "True", "True"),
(127, 7716, "True", "True", "True"),
(127, 7718, "True", "True", "True"),
(127, 7714, "True", "True", "True"),
(127, 7715, "False", "False", "False"),
(135, 7707, "True", "True", "True"),
(127, 7717, "True", "True", "True"),
(184, 7718, "True", "True", "True"),
(54, 7707, "True", "True", "True"),
(373, 7720, "False", "False", "False"),
(227, 7720, "True", "True", "True"),
(373, 7719, "True", "True", "True"),
(227, 7719, "True", "True", "True"),
(230, 7483, "True", "True", "True"),
(146, 7483, "True", "True", "True"),
(312, 7485, "True", "True", "True"),
(146, 7485, "True", "True", "True"),
(296, 7608, "True", "True", "True"),
(252, 7651, "True", "True", "True"),
(252, 7665, "True", "True", "True"),
(77, 7721, "True", "True", "True"),
(252, 7652, "True", "True", "True"),
(77, 7722, "True", "True", "True"),
(77, 7723, "True", "True", "True"),
(77, 7724, "True", "True", "True"),
(119, 7499, "True", "True", "True"),
(119, 7521, "True", "False", "False"),
(119, 7522, "True", "False", "False"),
(119, 7523, "True", "True", "True"),
(119, 7524, "True", "True", "True"),
(203, 7521, "True", "True", "True"),
(203, 7522, "True", "True", "True"),
(203, 7523, "True", "True", "True"),
(203, 7524, "True", "True", "True"),
(404, 7729, "True", "True", "True"),
(404, 7728, "True", "True", "True"),
(404, 7727, "True", "True", "True"),
(404, 7726, "True", "True", "True"),
(404, 7725, "True", "True", "True"),
(426, 7734, "True", "True", "True"),
(404, 7734, "True", "True", "False"),
(404, 7733, "True", "True", "True"),
(404, 7732, "True", "True", "True"),
(404, 7731, "True", "True", "True"),
(404, 7730, "True", "True", "True"),
(351, 7707, "True", "True", "True"),
(346, 7737, "True", "True", "True"),
(346, 7736, "True", "True", "True"),
(346, 7735, "False", "False", "False"),
(346, 7741, "True", "True", "True"),
(346, 7740, "False", "False", "False"),
(346, 7739, "True", "True", "True"),
(346, 7738, "True", "True", "True"),
(284, 7743, "True", "True", "True"),
(284, 7744, "True", "True", "True"),
(284, 7745, "True", "True", "False"),
(284, 7746, "True", "True", "True"),
(284, 7747, "True", "True", "True"),
(63, 7748, "True", "True", "True"),
(63, 7749, "True", "True", "True"),
(63, 7750, "False", "False", "False"),
(63, 7751, "True", "True", "True"),
(63, 7752, "True", "True", "True"),
(244, 7753, "True", "True", "True"),
(244, 7755, "True", "True", "True"),
(244, 7757, "True", "True", "True"),
(244, 7754, "True", "True", "True"),
(244, 7756, "True", "True", "True"),
(272, 7756, "True", "True", "True"),
(272, 7753, "True", "True", "True"),
(272, 7754, "True", "True", "True"),
(272, 7755, "True", "True", "True"),
(272, 7757, "False", "False", "False"),
(229, 7758, "True", "True", "True"),
(363, 7707, "True", "True", "True"),
(87, 7707, "True", "True", "True"),
(239, 7706, "True", "True", "True"),
(239, 7707, "True", "True", "True"),
(367, 7706, "True", "True", "True"),
(367, 7707, "True", "True", "True"),
(379, 7610, "True", "False", "False"),
(406, 7189, "True", "True", "True"),
(406, 7196, "True", "True", "False"),
(74, 7707, "True", "True", "True"),
(406, 7197, "True", "True", "True"),
(406, 7198, "True", "True", "True"),
(406, 7194, "True", "True", "True"),
(286, 7707, "True", "True", "True"),
(19, 7610, "True", "False", "False"),
(295, 7707, "True", "True", "True"),
(67, 7706, "False", "False", "False"),
(19, 7158, "True", "True", "True"),
(19, 7159, "True", "True", "True"),
(130, 7161, "True", "True", "True"),
(159, 7158, "True", "True", "True"),
(159, 7159, "True", "True", "True"),
(67, 7516, "True", "True", "True"),
(67, 7517, "True", "True", "True"),
(67, 7518, "True", "True", "True"),
(67, 7519, "True", "True", "True"),
(67, 7610, "True", "True", "True"),
(364, 7706, "True", "True", "True"),
(364, 7707, "True", "True", "False"),
(260, 7586, "True", "True", "True"),
(260, 7587, "True", "True", "True"),
(260, 7588, "False", "False", "False"),
(260, 7589, "True", "True", "True"),
(260, 7591, "True", "True", "True"),
(260, 7592, "True", "True", "True"),
(260, 7593, "True", "True", "True"),
(260, 7594, "True", "True", "True"),
(129, 7586, "False", "False", "False"),
(129, 7587, "True", "True", "True"),
(368, 7593, "True", "True", "True"),
(124, 7158, "True", "True", "True"),
(124, 7159, "True", "True", "True"),
(274, 7609, "True", "True", "True"),
(43, 7609, "False", "False", "False"),
(267, 7611, "True", "True", "False"),
(131, 7159, "True", "False", "False"),
(131, 7158, "True", "True", "True"),
(131, 7609, "True", "True", "True"),
(92, 7706, "True", "True", "True"),
(92, 7707, "True", "True", "False"),
(24, 7647, "True", "True", "True"),
(139, 7609, "True", "True", "True"),
(206, 7163, "True", "True", "True"),
(72, 7759, "True", "True", "False"),
(72, 7760, "True", "True", "True"),
(72, 7761, "False", "False", "False"),
(288, 7764, "True", "True", "True"),
(72, 7764, "False", "False", "False"),
(72, 7762, "True", "True", "True"),
(72, 7763, "True", "True", "True"),
(288, 7765, "True", "True", "True"),
(288, 7766, "True", "True", "True"),
(288, 7767, "True", "True", "True"),
(288, 7768, "True", "True", "True"),
(288, 7769, "True", "True", "True"),
(281, 7707, "True", "True", "True"),
(195, 7707, "True", "True", "True"),
(370, 7707, "True", "True", "True"),
(416, 7707, "True", "True", "True"),
(326, 7770, "True", "True", "True"),
(326, 7771, "True", "True", "True"),
(326, 7772, "True", "True", "True"),
(326, 7773, "True", "True", "True"),
(326, 7774, "True", "True", "True"),
(148, 7759, "True", "True", "True"),
(148, 7763, "True", "True", "True"),
(148, 7762, "True", "True", "True"),
(148, 7760, "False", "False", "False"),
(148, 7761, "True", "True", "True"),
(364, 7780, "True", "True", "True"),
(148, 7764, "True", "True", "True"),
(13, 7782, "True", "False", "False"),
(13, 7787, "True", "True", "True"),
(13, 7788, "True", "True", "False"),
(13, 7789, "True", "True", "True"),
(13, 7790, "True", "True", "True"),
(13, 7784, "True", "True", "True"),
(13, 7785, "True", "True", "True"),
(13, 7783, "True", "True", "True"),
(164, 7782, "True", "True", "True"),
(164, 7784, "True", "True", "False"),
(164, 7783, "True", "True", "True"),
(164, 7785, "True", "False", "False"),
(164, 7787, "True", "True", "True"),
(164, 7788, "True", "True", "True"),
(164, 7789, "True", "True", "True"),
(13, 7786, "True", "False", "False"),
(164, 7790, "True", "True", "True"),
(164, 7786, "True", "True", "True"),
(164, 7791, "True", "True", "True"),
(13, 7791, "True", "True", "True"),
(185, 7707, "True", "True", "True"),
(403, 7619, "True", "True", "True"),
(22, 7707, "False", "False", "False"),
(177, 7499, "True", "True", "True"),
(177, 7483, "True", "True", "True"),
(415, 7800, "True", "True", "True"),
(155, 7800, "True", "True", "True"),
(170, 7800, "True", "True", "True"),
(240, 7800, "True", "True", "True"),
(240, 7799, "True", "True", "True"),
(415, 7799, "True", "True", "True"),
(155, 7799, "True", "True", "True"),
(170, 7799, "True", "True", "True"),
(240, 7798, "True", "True", "True"),
(170, 7798, "True", "True", "True"),
(415, 7798, "True", "True", "True"),
(155, 7798, "False", "False", "False"),
(240, 7797, "True", "True", "True"),
(170, 7797, "False", "False", "False"),
(415, 7797, "False", "False", "False"),
(155, 7797, "True", "True", "True"),
(415, 7803, "True", "True", "True"),
(155, 7803, "True", "True", "True"),
(415, 7802, "True", "True", "True"),
(155, 7802, "True", "True", "True"),
(415, 7801, "True", "True", "True"),
(155, 7801, "True", "True", "True"),
(204, 7759, "True", "True", "True"),
(204, 7760, "True", "True", "True"),
(204, 7761, "True", "True", "False"),
(204, 7762, "True", "True", "True"),
(204, 7763, "False", "False", "False"),
(132, 7765, "True", "True", "True"),
(132, 7766, "True", "False", "False"),
(132, 7767, "True", "True", "True"),
(132, 7768, "True", "True", "True"),
(132, 7769, "True", "True", "True"),
(187, 7797, "True", "True", "True"),
(187, 7798, "True", "True", "True"),
(187, 7799, "True", "True", "True"),
(187, 7800, "True", "True", "True"),
(141, 7708, "True", "True", "True"),
(394, 7708, "True", "False", "False"),
(24, 7609, "True", "True", "True"),
(24, 7626, "True", "True", "True"),
(403, 7708, "True", "True", "True"),
(35, 7487, "True", "True", "True"),
(35, 7484, "True", "True", "True"),
(35, 7485, "True", "True", "True"),
(350, 7708, "True", "True", "True"),
(13, 7609, "True", "False", "False"),
(234, 7611, "True", "True", "True"),
(252, 7666, "True", "True", "True"),
(391, 7509, "True", "True", "True"),
(391, 7503, "True", "True", "True"),
(391, 7502, "True", "True", "True"),
(391, 7505, "True", "True", "True"),
(252, 7653, "True", "True", "True"),
(66, 7611, "True", "True", "True"),
(318, 7505, "True", "True", "True"),
(318, 7508, "True", "True", "True"),
(318, 7510, "True", "True", "True"),
(318, 7512, "True", "True", "True"),
(318, 7511, "True", "True", "True"),
(318, 7513, "True", "True", "True"),
(318, 7514, "True", "True", "True"),
(318, 7516, "True", "True", "True"),
(318, 7517, "True", "False", "False"),
(318, 7518, "True", "False", "False"),
(318, 7519, "False", "False", "False"),
(29, 7708, "True", "True", "True"),
(401, 7594, "True", "True", "True"),
(401, 7593, "True", "True", "True"),
(401, 7595, "True", "True", "True"),
(308, 7593, "True", "True", "True"),
(308, 7594, "True", "True", "False"),
(308, 7595, "True", "True", "True"),
(330, 7610, "True", "True", "True"),
(324, 7615, "False", "False", "False"),
(324, 7620, "True", "False", "False"),
(324, 7616, "False", "False", "False"),
(295, 7610, "True", "True", "True"),
(130, 7610, "True", "True", "True"),
(17, 7610, "True", "True", "True"),
(229, 7824, "True", "True", "True"),
(43, 7824, "True", "True", "True"),
(179, 7826, "True", "True", "True"),
(307, 7826, "True", "True", "True"),
(128, 7708, "True", "True", "True"),
(330, 7708, "True", "False", "False"),
(159, 7507, "True", "True", "True"),
(159, 7508, "True", "True", "True"),
(159, 7509, "True", "True", "True"),
(159, 7510, "True", "True", "True"),
(385, 7531, "True", "True", "True"),
(269, 7595, "True", "True", "True"),
(269, 7593, "True", "True", "True"),
(335, 7610, "True", "False", "False"),
(335, 7621, "True", "True", "True"),
(407, 7586, "True", "True", "True"),
(407, 7587, "True", "True", "True"),
(287, 7610, "True", "True", "True"),
(105, 7501, "True", "True", "True"),
(125, 7610, "True", "True", "True"),
(125, 7590, "True", "True", "True"),
(225, 7846, "True", "True", "False"),
(405, 7846, "True", "True", "True"),
(235, 7846, "True", "True", "True"),
(231, 7846, "True", "True", "True"),
(334, 7526, "True", "True", "True"),
(334, 7235, "True", "True", "True"),
(324, 7631, "True", "False", "False"),
(403, 7648, "True", "True", "True"),
(403, 7658, "False", "False", "False"),
(403, 7635, "True", "True", "True"),
(217, 7611, "True", "True", "True"),
(24, 7639, "True", "True", "True"),
(379, 7828, "True", "True", "True"),
(112, 7611, "True", "True", "True"),
(424, 7663, "True", "True", "True"),
(424, 7675, "True", "True", "True"),
(180, 7830, "True", "False", "False"),
(159, 7511, "True", "True", "True"),
(159, 7512, "True", "True", "True"),
(159, 7513, "True", "True", "True"),
(159, 7514, "False", "False", "False"),
(372, 7621, "True", "True", "True"),
(372, 7643, "True", "True", "True"),
(365, 7611, "True", "True", "True"),
(189, 7611, "False", "False", "False"),
(297, 7611, "True", "True", "True"),
(24, 7667, "True", "True", "True"),
(427, 7846, "False", "False", "False"),
(121, 7611, "True", "True", "False"),
(16, 7828, "True", "True", "True"),
(312, 7848, "True", "True", "True"),
(230, 7848, "True", "True", "True"),
(230, 7834, "False", "False", "False"),
(42, 7611, "True", "True", "True"),
(181, 7828, "True", "True", "True"),
(181, 7829, "False", "False", "False"),
(156, 7828, "True", "True", "True"),
(156, 7829, "True", "True", "True"),
(121, 7828, "True", "True", "True"),
(121, 7829, "True", "True", "True"),
(124, 7611, "True", "True", "True"),
(252, 7671, "True", "True", "True"),
(70, 7611, "True", "True", "True"),
(156, 7830, "True", "True", "True"),
(156, 7833, "True", "True", "True"),
(156, 7834, "True", "True", "False"),
(181, 7830, "False", "False", "False"),
(181, 7833, "False", "False", "False"),
(181, 7834, "True", "True", "True"),
(156, 7852, "True", "True", "True"),
(156, 7851, "True", "True", "True"),
(121, 7851, "True", "False", "False"),
(121, 7852, "True", "False", "False"),
(112, 7833, "True", "False", "False"),
(112, 7834, "True", "True", "True"),
(107, 7834, "False", "False", "False"),
(107, 7833, "False", "False", "False"),
(107, 7832, "True", "True", "True"),
(107, 7831, "True", "True", "True"),
(107, 7829, "True", "True", "True"),
(121, 7830, "True", "True", "True"),
(107, 7828, "True", "False", "False"),
(121, 7833, "False", "False", "False"),
(121, 7834, "True", "True", "True"),
(18, 7830, "True", "True", "True"),
(18, 7831, "True", "True", "True"),
(18, 7832, "True", "False", "False"),
(18, 7833, "True", "False", "False"),
(18, 7834, "True", "True", "True"),
(332, 7798, "True", "True", "True"),
(332, 7611, "True", "True", "True"),
(88, 7833, "True", "True", "True"),
(88, 7834, "True", "True", "True"),
(112, 7832, "True", "True", "True"),
(8, 7931, "True", "True", "True"),
(8, 7932, "True", "True", "True"),
(8, 7933, "True", "True", "True"),
(73, 7931, "True", "True", "True"),
(11, 7933, "True", "True", "True"),
(252, 7919, "True", "True", "True"),
(358, 7799, "True", "True", "True"),
(358, 7798, "True", "True", "True"),
(124, 7931, "True", "True", "True"),
(124, 7932, "True", "True", "True"),
(124, 7933, "False", "False", "False"),
(379, 7899, "True", "True", "True"),
(379, 7911, "True", "True", "True"),
(304, 7907, "True", "True", "True"),
(350, 7867, "True", "True", "True"),
(350, 7892, "True", "True", "True"),
(350, 7916, "True", "True", "True"),
(350, 7868, "True", "True", "True"),
(398, 7238, "True", "True", "True"),
(324, 7531, "False", "False", "False"),
(324, 7532, "True", "True", "True"),
(324, 7533, "True", "True", "True"),
(324, 7534, "True", "True", "True"),
(403, 7875, "True", "False", "False"),
(403, 7883, "True", "True", "True"),
(403, 7904, "True", "True", "True"),
(403, 7876, "True", "True", "True"),
(156, 7931, "True", "True", "True"),
(156, 7932, "True", "True", "True"),
(121, 7931, "True", "True", "True"),
(121, 7932, "True", "True", "True"),
(156, 7525, "True", "True", "True"),
(156, 7527, "False", "False", "False"),
(181, 7525, "True", "True", "True"),
(181, 7526, "True", "True", "True"),
(156, 7526, "True", "False", "False"),
(104, 7536, "True", "True", "True"),
(104, 7537, "True", "True", "True"),
(104, 7538, "True", "True", "True"),
(104, 7539, "True", "True", "True"),
(200, 7521, "True", "True", "True"),
(200, 7522, "True", "True", "True"),
(200, 7523, "False", "False", "False"),
(254, 7524, "True", "True", "True"),
(254, 7525, "False", "False", "False"),
(32, 7527, "True", "True", "True"),
(32, 7528, "True", "True", "True"),
(32, 7529, "True", "True", "False"),
(32, 7530, "True", "True", "True"),
(32, 7532, "True", "True", "True"),
(32, 7533, "True", "True", "True"),
(32, 7534, "True", "False", "False"),
(32, 7535, "True", "True", "True"),
(32, 7536, "True", "False", "False"),
(32, 7537, "True", "True", "True"),
(358, 7932, "True", "True", "True"),
(358, 7933, "False", "False", "False"),
(120, 7236, "True", "True", "True"),
(358, 7236, "True", "True", "True"),
(29, 7863, "True", "True", "True"),
(29, 7879, "True", "True", "True"),
(29, 7887, "True", "True", "True"),
(29, 7864, "True", "True", "True"),
(29, 7880, "False", "False", "False"),
(29, 7893, "True", "True", "True"),
(304, 7912, "True", "True", "True"),
(89, 7933, "True", "True", "False"),
(53, 7933, "True", "True", "True"),
(262, 7941, "True", "True", "True"),
(262, 7942, "False", "False", "False"),
(374, 7943, "True", "False", "False"),
(374, 7944, "True", "True", "True"),
(374, 7945, "True", "True", "True"),
(374, 7946, "True", "True", "True"),
(374, 7947, "True", "True", "True"),
(146, 7238, "True", "True", "True"),
(372, 7860, "True", "True", "True"),
(372, 7872, "False", "False", "False"),
(349, 7948, "True", "True", "False"),
(358, 7527, "True", "True", "True"),
(120, 7527, "True", "True", "True"),
(358, 7528, "True", "True", "True"),
(120, 7533, "True", "True", "True"),
(358, 7529, "True", "True", "True"),
(120, 7528, "True", "True", "True"),
(120, 7529, "True", "True", "True"),
(120, 7530, "True", "True", "True"),
(358, 7530, "True", "True", "True"),
(366, 7897, "True", "True", "True"),
(366, 7909, "True", "True", "True"),
(366, 7884, "False", "False", "False"),
(17, 7541, "True", "True", "True"),
(17, 7542, "True", "True", "True"),
(17, 7543, "True", "True", "True"),
(17, 7544, "False", "False", "False"),
(340, 7541, "True", "True", "True"),
(340, 7542, "True", "True", "True"),
(340, 7543, "True", "True", "True"),
(340, 7544, "True", "True", "True"),
(295, 7541, "True", "True", "True"),
(295, 7542, "True", "True", "True"),
(10, 7526, "True", "True", "True"),
(10, 7527, "True", "True", "True"),
(10, 7528, "True", "True", "True"),
(10, 7529, "True", "True", "True"),
(34, 7533, "True", "True", "True"),
(203, 7543, "False", "False", "False"),
(203, 7544, "True", "True", "False"),
(203, 7545, "True", "True", "True"),
(372, 7888, "True", "True", "True"),
(104, 7540, "True", "True", "True"),
(378, 7905, "True", "True", "True"),
(10, 7537, "True", "True", "True"),
(10, 7538, "True", "True", "True"),
(10, 7539, "True", "True", "True"),
(10, 7540, "True", "True", "True"),
(403, 7957, "True", "True", "False"),
(198, 7533, "True", "True", "True"),
(212, 7541, "False", "False", "False"),
(212, 7542, "True", "True", "True"),
(53, 7236, "True", "True", "True"),
(89, 7236, "True", "True", "True"),
(119, 7537, "True", "True", "True"),
(119, 7538, "True", "True", "True"),
(119, 7539, "True", "True", "True"),
(119, 7540, "True", "True", "True"),
(345, 7534, "True", "True", "True"),
(345, 7535, "True", "True", "True"),
(1, 7534, "True", "True", "True"),
(1, 7535, "True", "True", "True"),
(345, 7983, "True", "True", "True"),
(33, 8029, "True", "True", "True"),
(187, 8031, "True", "True", "True"),
(187, 8030, "True", "True", "True"),
(264, 7965, "True", "True", "True"),
(264, 8004, "True", "True", "True"),
(264, 8016, "True", "True", "True"),
(264, 7538, "True", "True", "True"),
(264, 7539, "True", "True", "True"),
(264, 7540, "True", "True", "True"),
(264, 7536, "True", "True", "True"),
(345, 7996, "True", "True", "True"),
(366, 7536, "True", "True", "False"),
(384, 7950, "True", "True", "True"),
(384, 7980, "True", "True", "True"),
(70, 7955, "True", "True", "True"),
(70, 7970, "True", "True", "True"),
(379, 7975, "True", "True", "True"),
(379, 8012, "True", "True", "True"),
(379, 7971, "True", "True", "True"),
(379, 8005, "True", "True", "True"),
(324, 7536, "True", "True", "True"),
(378, 8024, "True", "True", "True"),
(378, 7960, "False", "False", "False"),
(1, 7972, "True", "True", "True"),
(345, 7977, "True", "True", "True"),
(357, 7951, "True", "True", "True"),
(357, 7986, "True", "True", "False"),
(357, 7998, "True", "True", "True"),
(357, 7543, "True", "True", "True"),
(345, 7956, "True", "True", "False"),
(55, 7544, "True", "True", "True"),
(55, 7545, "True", "True", "True"),
(365, 7545, "True", "True", "True"),
(365, 7952, "True", "True", "True"),
(70, 7966, "False", "False", "False"),
(53, 8033, "False", "False", "False"),
(53, 8034, "True", "True", "True"),
(89, 8033, "False", "False", "False"),
(89, 8034, "True", "True", "True"),
(346, 8033, "True", "True", "True"),
(346, 8034, "True", "True", "True"),
(70, 8013, "True", "True", "True"),
(366, 7545, "True", "True", "True"),
(45, 8034, "True", "False", "False"),
(378, 7962, "True", "True", "True"),
(384, 7982, "True", "True", "False"),
(379, 8010, "True", "True", "True"),
(379, 8022, "False", "False", "False"),
(379, 7973, "False", "False", "False"),
(413, 8033, "True", "True", "True"),
(413, 8034, "True", "True", "True"),
(84, 8038, "False", "False", "False"),
(424, 8039, "True", "True", "True"),
(378, 8038, "True", "True", "True"),
(73, 8039, "True", "True", "True"),
(365, 8038, "True", "True", "True"),
(365, 8039, "True", "True", "True"),
(365, 8040, "True", "True", "False"),
(344, 7968, "True", "True", "True"),
(65, 7953, "True", "True", "True"),
(65, 8040, "True", "True", "False"),
(124, 8039, "False", "False", "False"),
(124, 8040, "True", "True", "True"),
(290, 7978, "True", "True", "True");

INSERT INTO munka VALUES
(5948, "2016.09.02", "16:00:00", 3, 1, 52),
(5949, "2016.09.09", "16:00:00", 3, 1, 52),
(5950, "2016.09.16", "16:00:00", 3, 1, 52),
(5951, "2016.09.23", "16:00:00", 3, 1, 52),
(5952, "2016.09.30", "16:00:00", 3, 1, 52),
(5953, "2016.09.03", "10:00:00", 3, 1, 52),
(5954, "2016.09.10", "10:00:00", 3, 1, 52),
(5955, "2016.09.17", "10:00:00", 3, 1, 52),
(5956, "2016.09.24", "10:00:00", 3, 1, 52),
(5957, "2016.10.01", "10:00:00", 3, 1, 52),
(5958, "2016.09.03", "14:00:00", 3, 1, 52),
(5959, "2016.09.10", "14:00:00", 3, 1, 52),
(5960, "2016.09.17", "14:00:00", 3, 1, 52),
(5961, "2016.09.24", "14:00:00", 3, 1, 52),
(5962, "2016.10.01", "14:00:00", 3, 1, 52),
(5963, "2016.09.03", "17:00:00", 3, 1, 52),
(5964, "2016.09.10", "17:00:00", 3, 1, 52),
(5965, "2016.09.17", "17:00:00", 3, 1, 52),
(5966, "2016.09.24", "17:00:00", 3, 1, 52),
(5967, "2016.10.01", "17:00:00", 3, 1, 52),
(5968, "2016.09.04", "10:00:00", 3, 1, 52),
(5969, "2016.09.11", "10:00:00", 3, 1, 52),
(5970, "2016.09.18", "10:00:00", 3, 1, 52),
(5971, "2016.09.25", "10:00:00", 3, 1, 52),
(5972, "2016.10.02", "10:00:00", 3, 1, 52),
(5983, "2016.09.02", "16:00:00", 3, 1, 52),
(5984, "2016.09.09", "16:00:00", 3, 1, 52),
(5985, "2016.09.16", "16:00:00", 3, 1, 52),
(5986, "2016.09.23", "16:00:00", 3, 1, 52),
(5987, "2016.09.30", "16:00:00", 3, 1, 52),
(5988, "2016.09.03", "10:00:00", 3, 1, 52),
(5989, "2016.09.10", "10:00:00", 3, 1, 52),
(5990, "2016.09.17", "10:00:00", 3, 1, 52),
(5991, "2016.09.24", "10:00:00", 3, 1, 52),
(5992, "2016.10.01", "10:00:00", 3, 1, 52),
(5993, "2016.09.03", "14:00:00", 3, 1, 52),
(5994, "2016.09.10", "14:00:00", 3, 1, 52),
(5995, "2016.09.17", "14:00:00", 3, 1, 52),
(5996, "2016.09.24", "14:00:00", 3, 1, 52),
(5997, "2016.10.01", "14:00:00", 3, 1, 52),
(5998, "2016.09.03", "17:00:00", 3, 1, 52),
(5999, "2016.09.10", "17:00:00", 3, 1, 52),
(6000, "2016.09.17", "17:00:00", 3, 1, 52),
(6001, "2016.09.24", "17:00:00", 3, 1, 52),
(6002, "2016.10.01", "17:00:00", 3, 1, 52),
(6003, "2016.09.04", "10:00:00", 3, 1, 52),
(6004, "2016.09.11", "10:00:00", 3, 1, 52),
(6005, "2016.09.18", "10:00:00", 3, 1, 52),
(6006, "2016.09.25", "10:00:00", 3, 1, 52),
(6007, "2016.10.02", "10:00:00", 3, 1, 52),
(5977, "2016.10.02", "13:00:00", 3, 1, 52),
(5982, "2016.10.02", "16:00:00", 3, 1, 52),
(6012, "2016.10.02", "13:00:00", 3, 1, 52),
(6017, "2016.10.02", "16:00:00", 3, 1, 52),
(5976, "2016.09.25", "13:00:00", 3, 1, 52),
(5981, "2016.09.25", "16:00:00", 3, 1, 52),
(6011, "2016.09.25", "13:00:00", 3, 1, 52),
(6016, "2016.09.25", "16:00:00", 3, 1, 52),
(5975, "2016.09.18", "13:00:00", 3, 1, 52),
(5980, "2016.09.18", "16:00:00", 3, 1, 52),
(6010, "2016.09.18", "13:00:00", 3, 1, 52),
(6015, "2016.09.18", "16:00:00", 3, 1, 52),
(5974, "2016.09.11", "13:00:00", 3, 1, 52),
(5979, "2016.09.11", "16:00:00", 3, 1, 52),
(6009, "2016.09.11", "13:00:00", 3, 1, 52),
(6014, "2016.09.11", "16:00:00", 3, 1, 52),
(5973, "2016.09.04", "13:00:00", 3, 1, 52),
(5978, "2016.09.04", "16:00:00", 3, 1, 52),
(6008, "2016.09.04", "13:00:00", 3, 1, 52),
(6013, "2016.09.04", "16:00:00", 3, 1, 52),
(6041, "2016.09.06", "15:00:00", 2, 1, 20),
(6042, "2016.09.13", "15:00:00", 2, 1, 20),
(6043, "2016.09.20", "15:00:00", 2, 1, 20),
(6044, "2016.09.07", "14:00:00", 2, 1, 20),
(6045, "2016.09.09", "17:00:00", 2, 1, 20),
(6046, "2016.09.16", "17:00:00", 2, 1, 20),
(6047, "2016.09.15", "16:00:00", 2, 1, 24),
(6048, "2016.09.22", "16:00:00", 2, 1, 24),
(6049, "2016.09.19", "15:00:00", 2, 1, 20),
(6114, "2016.09.16", "16:30:00", 2, 2, 21),
(6115, "2016.09.23", "16:30:00", 2, 2, 21),
(6116, "2016.09.30", "16:30:00", 2, 2, 21),
(6117, "2016.10.07", "16:30:00", 2, 2, 21),
(6118, "2016.10.14", "16:30:00", 2, 2, 21),
(6119, "2016.10.21", "16:30:00", 2, 2, 21),
(6120, "2016.09.18", "8:30:00", 2, 2, 21),
(6121, "2016.09.25", "8:30:00", 2, 2, 21),
(6122, "2016.10.02", "8:30:00", 2, 2, 21),
(6123, "2016.10.09", "8:30:00", 2, 2, 21),
(6124, "2016.10.16", "8:30:00", 2, 2, 21),
(6125, "2016.10.23", "8:30:00", 2, 2, 21),
(6163, "2016.10.13", "15:00:00", 3, 6, 31),
(6164, "2016.10.20", "15:00:00", 3, 6, 31),
(6165, "2016.11.10", "15:00:00", 3, 6, 31),
(6166, "2016.11.17", "15:00:00", 3, 6, 31),
(6167, "2016.11.18", "15:00:00", 3, 6, 31),
(6168, "2016.11.24", "15:00:00", 3, 6, 31),
(6169, "2016.11.18", "15:00:00", 3, 6, 31),
(6170, "2016.11.24", "15:00:00", 3, 6, 31),
(6198, "2016.10.01", "13:00:00", 3, 1, 51),
(6217, "2016.09.30", "14:30:00", 3, 3, 3),
(6218, "2016.12.03", "15:00:00", 2, 10, 31),
(6219, "2016.12.04", "7:00:00", 3, 10, 31),
(6220, "2016.12.04", "10:00:00", 3, 6, 31),
(6221, "2016.12.04", "13:00:00", 2, 10, 31),
(6251, "2016.10.16", "12:00:00", 4, 4, 20),
(6287, "2016.11.09", "15:30:00", 1, 5, 29),
(6292, "2016.10.21", "16:00:00", 3, 1, 52),
(6293, "2016.10.28", "16:00:00", 3, 1, 27),
(6294, "2016.11.04", "16:00:00", 3, 1, 27),
(6295, "2016.11.11", "16:00:00", 3, 1, 27),
(6296, "2016.11.18", "16:00:00", 3, 1, 27),
(6297, "2016.10.21", "16:00:00", 3, 1, 52),
(6298, "2016.10.28", "16:00:00", 3, 1, 52),
(6299, "2016.11.04", "16:00:00", 3, 1, 52),
(6300, "2016.11.11", "16:00:00", 3, 1, 52),
(6301, "2016.11.18", "16:00:00", 3, 1, 52),
(6302, "2016.11.25", "16:00:00", 3, 1, 52),
(6303, "2016.10.22", "10:00:00", 3, 1, 52),
(6304, "2016.10.29", "10:00:00", 3, 1, 52),
(6305, "2016.11.05", "10:00:00", 3, 1, 52),
(6306, "2016.11.12", "10:00:00", 3, 1, 52),
(6307, "2016.11.19", "10:00:00", 3, 1, 52),
(6308, "2016.11.26", "10:00:00", 3, 1, 52),
(6309, "2016.10.22", "13:00:00", 3, 1, 52),
(6310, "2016.10.29", "13:00:00", 3, 1, 52),
(6311, "2016.11.05", "13:00:00", 3, 1, 52),
(6312, "2016.11.12", "13:00:00", 3, 1, 52),
(6313, "2016.11.19", "13:00:00", 3, 1, 52),
(6314, "2016.11.26", "13:00:00", 3, 1, 52),
(6315, "2016.10.22", "16:00:00", 3, 1, 52),
(6316, "2016.10.29", "16:00:00", 3, 1, 52),
(6317, "2016.11.05", "16:00:00", 3, 1, 52),
(6318, "2016.11.12", "16:00:00", 3, 1, 52),
(6319, "2016.11.19", "16:00:00", 3, 1, 52),
(6320, "2016.11.26", "16:00:00", 3, 1, 52),
(6321, "2016.10.30", "10:00:00", 3, 1, 52),
(6322, "2016.11.06", "10:00:00", 3, 1, 52),
(6323, "2016.11.13", "10:00:00", 3, 1, 52),
(6324, "2016.11.20", "10:00:00", 3, 1, 52),
(6325, "2016.11.27", "10:00:00", 3, 1, 52),
(6326, "2016.10.30", "10:00:00", 3, 1, 52),
(6327, "2016.11.06", "10:00:00", 3, 1, 52),
(6328, "2016.11.13", "10:00:00", 3, 1, 52),
(6329, "2016.11.20", "10:00:00", 3, 1, 52),
(6330, "2016.11.27", "10:00:00", 3, 1, 52),
(6331, "2016.10.30", "13:00:00", 3, 1, 27),
(6332, "2016.11.06", "13:00:00", 3, 1, 27),
(6333, "2016.11.13", "13:00:00", 3, 1, 27),
(6334, "2016.11.20", "13:00:00", 3, 1, 27),
(6335, "2016.11.27", "13:00:00", 3, 1, 27),
(6336, "2016.10.30", "16:00:00", 3, 1, 52),
(6337, "2016.11.06", "16:00:00", 3, 1, 52),
(6338, "2016.11.13", "16:00:00", 3, 1, 52),
(6339, "2016.11.20", "16:00:00", 3, 1, 52),
(6340, "2016.11.27", "16:00:00", 3, 1, 52),
(6341, "2016.10.22", "10:00:00", 3, 1, 52),
(6342, "2016.10.29", "10:00:00", 3, 1, 52),
(6343, "2016.11.05", "10:00:00", 3, 1, 52),
(6344, "2016.11.12", "10:00:00", 3, 1, 52),
(6345, "2016.11.19", "10:00:00", 3, 1, 52),
(6346, "2016.11.26", "10:00:00", 3, 1, 52),
(6347, "2016.10.22", "13:00:00", 3, 1, 52),
(6348, "2016.10.29", "13:00:00", 3, 1, 52),
(6349, "2016.11.05", "13:00:00", 3, 1, 52),
(6350, "2016.11.12", "13:00:00", 3, 1, 52),
(6351, "2016.11.19", "13:00:00", 3, 1, 52),
(6352, "2016.11.26", "13:00:00", 3, 1, 52),
(6353, "2016.10.22", "16:00:00", 3, 1, 52),
(6354, "2016.10.29", "16:00:00", 3, 1, 52),
(6355, "2016.11.05", "16:00:00", 3, 1, 52),
(6356, "2016.11.12", "16:00:00", 3, 1, 52),
(6357, "2016.11.19", "16:00:00", 3, 1, 52),
(6358, "2016.11.26", "16:00:00", 3, 1, 52),
(6359, "2016.10.30", "13:00:00", 3, 1, 52),
(6360, "2016.11.06", "13:00:00", 3, 1, 52),
(6361, "2016.11.13", "13:00:00", 3, 1, 52),
(6362, "2016.11.20", "13:00:00", 3, 1, 52),
(6363, "2016.11.27", "13:00:00", 3, 1, 52),
(6364, "2016.10.30", "16:00:00", 3, 1, 52),
(6365, "2016.11.06", "16:00:00", 3, 1, 52),
(6366, "2016.11.13", "16:00:00", 3, 1, 52),
(6367, "2016.11.20", "16:00:00", 3, 1, 52),
(6368, "2016.11.27", "16:00:00", 3, 1, 52),
(6377, "2016.11.11", "16:30:00", 2, 2, 21),
(6378, "2016.11.18", "16:30:00", 2, 2, 21),
(6379, "2016.11.25", "16:30:00", 2, 2, 21),
(6380, "2016.12.02", "16:30:00", 2, 2, 21),
(6381, "2016.12.09", "16:30:00", 2, 2, 21),
(6382, "2016.12.16", "16:30:00", 2, 2, 21),
(6376, "2016.12.18", "8:30:00", 2, 2, 21),
(6375, "2016.12.11", "8:30:00", 2, 2, 21),
(6374, "2016.12.04", "8:30:00", 2, 2, 21),
(6373, "2016.11.27", "8:30:00", 2, 2, 21),
(6372, "2016.11.20", "8:30:00", 2, 2, 21),
(6371, "2016.11.13", "8:30:00", 2, 2, 21),
(6370, "2016.11.06", "8:30:00", 2, 2, 21),
(6369, "2016.10.30", "8:30:00", 2, 2, 21),
(6391, "2016.11.26", "15:00:00", 3, 2, 21),
(6399, "2016.12.10", "8:00:00", 4, 5, 45),
(6400, "2016.12.10", "12:00:00", 4, 5, 45),
(6403, "2016.10.28", "15:00:00", 2, 1, 42),
(6405, "2016.11.03", "12:00:00", 3, 1, 42),
(6406, "2016.11.04", "12:00:00", 3, 1, 42),
(6407, "2016.11.04", "16:00:00", 2, 1, 24),
(6408, "2016.11.05", "16:00:00", 2, 1, 24),
(6409, "2016.11.04", "16:00:00", 2, 1, 24),
(6410, "2016.11.05", "16:00:00", 2, 1, 24),
(6411, "2016.11.07", "15:00:00", 2, 1, 24),
(6412, "2016.11.14", "15:00:00", 2, 1, 24),
(6413, "2016.11.21", "15:00:00", 2, 1, 24),
(6414, "2016.11.10", "15:00:00", 2, 1, 20),
(6415, "2016.11.17", "15:00:00", 2, 1, 20),
(6416, "2016.11.15", "16:00:00", 2, 1, 24),
(6417, "2016.11.22", "16:00:00", 2, 1, 24),
(6418, "2016.11.09", "14:00:00", 2, 1, 24),
(6404, "2016.11.02", "15:00:00", 2, 1, 42),
(6424, "2016.11.09", "16:00:00", 3, 1, 24),
(6425, "2016.11.12", "10:00:00", 4, 4, 57),
(6426, "2016.11.19", "8:00:00", 3, 4, 19),
(6427, "2016.12.10", "8:00:00", 3, 4, 19),
(6428, "2016.11.19", "11:00:00", 3, 4, 19),
(6429, "2016.12.10", "11:00:00", 3, 4, 19),
(6430, "2016.11.19", "15:00:00", 2, 4, 19),
(6431, "2016.12.10", "15:00:00", 2, 4, 19),
(6432, "2016.12.22", "15:00:00", 4, 4, 8),
(6397, "2016.11.12", "9:00:00", 4, 5, 45),
(6398, "2016.11.12", "13:00:00", 3, 5, 45),
(6438, "2016.11.26", "9:30:00", 3, 5, 18),
(6440, "2016.11.27", "10:00:00", 3, 3, 18),
(6441, "2016.12.03", "16:00:00", 3, 3, 18),
(6442, "2016.12.16", "16:00:00", 3, 5, 18),
(6445, "2016.11.19", "15:00:00", 3, 1, 5),
(6437, "2016.11.19", "9:30:00", 3, 3, 18),
(6449, "2016.11.23", "15:00:00", 1, 1, 11),
(6469, "2016.11.23", "15:00:00", 1, 1, 11),
(6489, "2016.11.23", "15:00:00", 1, 1, 11),
(6501, "2016.11.23", "15:00:00", 1, 1, 11),
(6504, "2016.12.14", "15:00:00", 1, 1, 11),
(6505, "2016.12.21", "15:00:00", 1, 1, 11),
(6506, "2016.12.28", "15:00:00", 1, 1, 11),
(6507, "2017.01.08", "8:30:00", 2, 1, 21),
(6508, "2017.01.15", "8:30:00", 2, 1, 21),
(6447, "2016.11.19", "11:00:00", 3, 1, 24),
(6510, "2016.11.20", "18:00:00", 3, 3, 22),
(6512, "2016.11.19", "10:00:00", 3, 2, 39),
(6513, "2016.11.20", "10:00:00", 3, 2, 39),
(6514, "2016.11.19", "8:00:00", 3, 3, 24),
(6515, "2016.11.20", "8:00:00", 3, 3, 24),
(6554, "2016.12.07", "18:00:00", 2, 2, 30),
(6555, "2016.12.16", "15:00:00", 1, 7, 18),
(6557, "2016.12.18", "14:00:00", 3, 3, 52),
(6534, "2016.11.28", "17:00:00", 3, 2, 58),
(6516, "2016.11.28", "15:00:00", 2, 2, 58),
(6538, "2016.11.29", "17:00:00", 3, 2, 58),
(6520, "2016.11.29", "15:00:00", 2, 2, 58),
(6542, "2016.11.30", "17:00:00", 3, 2, 58),
(6524, "2016.11.30", "15:00:00", 2, 2, 58),
(6546, "2016.12.01", "17:00:00", 3, 2, 58),
(6528, "2016.12.01", "15:00:00", 2, 2, 58),
(6549, "2016.12.02", "17:00:00", 3, 2, 58),
(6531, "2016.12.02", "15:00:00", 2, 2, 58),
(6535, "2016.12.05", "17:00:00", 3, 2, 58),
(6517, "2016.12.05", "15:00:00", 2, 2, 58),
(6539, "2016.12.06", "17:00:00", 3, 2, 58),
(6533, "2016.12.06", "15:00:00", 2, 2, 58),
(6543, "2016.12.07", "17:00:00", 3, 2, 58),
(6525, "2016.12.07", "15:00:00", 2, 2, 58),
(6547, "2016.12.08", "17:00:00", 3, 2, 58),
(6529, "2016.12.08", "15:00:00", 2, 2, 58),
(6552, "2016.12.09", "15:00:00", 2, 2, 58),
(6550, "2016.12.09", "17:00:00", 3, 2, 58),
(6536, "2016.12.12", "17:00:00", 3, 2, 58),
(6518, "2016.12.12", "15:00:00", 2, 2, 58),
(6540, "2016.12.13", "17:00:00", 3, 2, 58),
(6522, "2016.12.13", "15:00:00", 2, 2, 58),
(6544, "2016.12.14", "17:00:00", 3, 2, 58),
(6526, "2016.12.14", "15:00:00", 2, 2, 58),
(6548, "2016.12.15", "17:00:00", 3, 2, 58),
(6530, "2016.12.15", "15:00:00", 2, 2, 58),
(6553, "2016.12.16", "15:00:00", 2, 2, 58),
(6551, "2016.12.16", "17:00:00", 3, 2, 58),
(6537, "2016.12.19", "17:00:00", 3, 2, 58),
(6519, "2016.12.19", "15:00:00", 2, 2, 58),
(6541, "2016.12.20", "17:00:00", 3, 2, 58),
(6523, "2016.12.20", "15:00:00", 2, 2, 58),
(6545, "2016.12.21", "17:00:00", 3, 2, 58),
(6527, "2016.12.21", "15:00:00", 2, 2, 58),
(6598, "2016.11.26", "10:00:00", 3, 1, 39),
(6599, "2016.11.27", "10:00:00", 3, 1, 39),
(6603, "2016.12.09", "16:00:00", 3, 1, 52),
(6604, "2016.12.16", "16:00:00", 3, 1, 52),
(6605, "2016.12.23", "16:00:00", 3, 1, 52),
(6606, "2016.12.30", "16:00:00", 3, 1, 52),
(6607, "2016.12.10", "10:00:00", 3, 1, 52),
(6608, "2016.12.17", "10:00:00", 3, 1, 52),
(6609, "2016.12.10", "13:00:00", 3, 1, 27),
(6610, "2016.12.17", "13:00:00", 3, 1, 27),
(6611, "2016.12.10", "16:00:00", 3, 1, 52),
(6612, "2016.12.17", "16:00:00", 3, 1, 52),
(6613, "2016.12.11", "10:00:00", 3, 1, 52),
(6614, "2016.12.18", "10:00:00", 3, 1, 52),
(6615, "2016.12.11", "13:00:00", 3, 1, 52),
(6616, "2016.12.18", "13:00:00", 3, 1, 52),
(6617, "2016.12.11", "16:00:00", 3, 1, 52),
(6618, "2016.12.18", "16:00:00", 3, 1, 52),
(6619, "2016.12.09", "16:00:00", 3, 1, 52),
(6620, "2016.12.16", "16:00:00", 3, 1, 52),
(6621, "2016.12.23", "16:00:00", 3, 1, 52),
(6622, "2016.12.30", "16:00:00", 3, 1, 52),
(6623, "2016.12.10", "10:00:00", 3, 1, 52),
(6624, "2016.12.17", "10:00:00", 3, 1, 52),
(6625, "2016.12.10", "13:00:00", 3, 1, 27),
(6626, "2016.12.17", "13:00:00", 3, 1, 27),
(6627, "2016.12.10", "16:00:00", 3, 1, 52),
(6628, "2016.12.17", "16:00:00", 3, 1, 52),
(6629, "2016.12.11", "10:00:00", 3, 1, 52),
(6630, "2016.12.18", "10:00:00", 3, 1, 52),
(6631, "2016.12.11", "13:00:00", 3, 1, 52),
(6632, "2016.12.18", "13:00:00", 3, 1, 52),
(6633, "2016.12.11", "16:00:00", 3, 1, 52),
(6634, "2016.12.18", "16:00:00", 3, 1, 52),
(6635, "2016.12.02", "16:00:00", 2, 1, 41),
(6636, "2017.01.14", "16:30:00", 2, 2, 34),
(6638, "2016.12.02", "16:00:00", 3, 1, 58),
(6639, "2016.12.16", "16:00:00", 3, 1, 58),
(6640, "2016.12.03", "10:00:00", 3, 1, 31),
(6641, "2016.12.10", "10:00:00", 3, 1, 31),
(6642, "2016.12.17", "10:00:00", 3, 1, 31),
(6644, "2016.12.09", "14:30:00", 2, 7, 24),
(6645, "2016.12.11", "17:00:00", 2, 2, 30),
(6646, "2016.12.12", "17:00:00", 2, 2, 30),
(6647, "2016.12.08", "16:00:00", 3, 2, 58),
(6648, "2016.12.09", "15:00:00", 3, 3, 40),
(6649, "2016.12.16", "15:00:00", 3, 3, 40),
(6650, "2016.12.23", "15:00:00", 3, 3, 40),
(6651, "2016.12.10", "16:00:00", 3, 3, 58),
(6652, "2016.11.18", "16:00:00", 3, 1, 58),
(6653, "2016.11.20", "16:00:00", 3, 1, 58),
(6654, "2016.12.18", "16:00:00", 3, 1, 58),
(6655, "2016.12.20", "16:00:00", 3, 1, 58),
(6656, "2016.12.07", "16:30:00", 2, 1, 58),
(6657, "2016.12.08", "16:30:00", 2, 1, 58),
(6658, "2016.12.09", "15:00:00", 3, 2, 58),
(6659, "2016.12.11", "16:30:00", 2, 1, 58),
(6660, "2016.12.16", "16:30:00", 3, 6, 18),
(6661, "2016.12.16", "18:00:00", 3, 3, 18),
(6662, "2016.12.27", "10:00:00", 3, 1, 52),
(6663, "2016.12.28", "10:00:00", 3, 1, 52),
(6664, "2016.12.29", "10:00:00", 3, 1, 52),
(6665, "2016.12.27", "14:00:00", 3, 1, 52),
(6666, "2016.12.28", "14:00:00", 3, 1, 52),
(6667, "2016.12.29", "14:00:00", 3, 1, 52),
(6668, "2016.12.27", "17:00:00", 3, 1, 52),
(6669, "2016.12.28", "17:00:00", 3, 1, 52),
(6670, "2016.12.29", "17:00:00", 3, 1, 52),
(6671, "2016.12.27", "10:00:00", 3, 1, 52),
(6672, "2016.12.28", "10:00:00", 3, 1, 52),
(6673, "2016.12.29", "10:00:00", 3, 1, 52),
(6674, "2016.12.27", "14:00:00", 3, 1, 52),
(6675, "2016.12.28", "14:00:00", 3, 1, 52),
(6676, "2016.12.29", "14:00:00", 3, 1, 52),
(6677, "2016.12.27", "17:00:00", 3, 1, 52),
(6678, "2016.12.28", "17:00:00", 3, 1, 52),
(6679, "2016.12.29", "17:00:00", 3, 1, 52),
(6692, "2016.12.15", "14:00:00", 3, 2, 35),
(6689, "2016.12.19", "14:00:00", 3, 2, 35),
(6690, "2016.12.20", "14:00:00", 3, 2, 35),
(6691, "2016.12.21", "14:00:00", 3, 2, 35),
(6696, "2016.12.16", "14:00:00", 3, 2, 35),
(6697, "2016.12.15", "18:00:00", 3, 3, 1),
(6699, "2016.12.17", "10:00:00", 3, 1, 57),
(6700, "2016.12.24", "10:00:00", 3, 1, 57),
(6701, "2016.12.31", "10:00:00", 3, 1, 57),
(6702, "2017.01.07", "10:00:00", 3, 1, 57),
(6703, "2017.01.14", "10:00:00", 3, 1, 57),
(6704, "2016.12.18", "10:00:00", 3, 1, 57),
(6705, "2016.12.25", "10:00:00", 3, 1, 57),
(6706, "2017.01.01", "10:00:00", 3, 1, 57),
(6707, "2017.01.08", "10:00:00", 3, 1, 57),
(6708, "2017.01.15", "10:00:00", 3, 1, 57),
(6709, "2017.01.09", "14:00:00", 3, 2, 35),
(6710, "2017.01.16", "14:00:00", 3, 2, 35),
(6711, "2017.01.23", "14:00:00", 3, 2, 35),
(6712, "2017.01.03", "14:00:00", 3, 2, 35),
(6713, "2017.01.10", "14:00:00", 3, 2, 35),
(6714, "2017.01.17", "14:00:00", 3, 2, 35),
(6715, "2017.01.24", "14:00:00", 3, 2, 35),
(6716, "2017.01.04", "14:00:00", 3, 2, 35),
(6717, "2017.01.11", "14:00:00", 3, 2, 35),
(6718, "2017.01.18", "14:00:00", 3, 2, 35),
(6719, "2017.01.25", "14:00:00", 3, 2, 35),
(6720, "2017.01.05", "14:00:00", 3, 2, 35),
(6721, "2017.01.12", "14:00:00", 3, 2, 35),
(6722, "2017.01.19", "14:00:00", 3, 2, 35),
(6723, "2017.01.26", "14:00:00", 3, 2, 35),
(6724, "2017.01.06", "14:00:00", 3, 2, 35),
(6725, "2017.01.13", "14:00:00", 3, 2, 35),
(6726, "2017.01.20", "14:00:00", 3, 2, 35),
(6727, "2017.01.27", "14:00:00", 3, 2, 35),
(6728, "2017.02.06", "14:00:00", 3, 2, 35),
(6729, "2017.02.07", "14:00:00", 3, 2, 35),
(6730, "2017.02.08", "14:00:00", 3, 2, 35),
(6731, "2017.02.09", "14:00:00", 3, 2, 35),
(6732, "2017.02.10", "14:00:00", 3, 2, 35),
(6733, "2016.12.17", "17:00:00", 2, 2, 58),
(6734, "2016.12.20", "10:00:00", 4, 1, 9),
(6735, "2016.12.22", "15:00:00", 3, 1, 33),
(6736, "2016.12.23", "15:00:00", 3, 1, 33),
(6737, "2016.12.27", "13:00:00", 1, 2, 52),
(6738, "2016.12.28", "13:00:00", 1, 2, 52),
(6739, "2016.12.20", "14:00:00", 1, 2, 21),
(6740, "2017.01.03", "14:00:00", 1, 2, 21),
(6741, "2017.01.06", "16:00:00", 2, 2, 32),
(6742, "2017.01.13", "16:00:00", 2, 2, 32),
(6743, "2017.01.20", "16:00:00", 2, 2, 32),
(6744, "2017.01.27", "16:00:00", 2, 2, 32),
(6745, "2017.02.03", "16:00:00", 2, 2, 32),
(6746, "2017.02.10", "16:00:00", 2, 2, 32),
(6747, "2017.02.17", "16:00:00", 2, 2, 32),
(6748, "2017.02.24", "16:00:00", 2, 2, 32),
(6749, "2017.03.03", "16:00:00", 2, 2, 32),
(6750, "2017.03.10", "16:00:00", 2, 2, 32),
(6751, "2017.01.13", "16:00:00", 3, 1, 52),
(6752, "2017.01.20", "16:00:00", 3, 1, 52),
(6753, "2017.01.27", "16:00:00", 3, 1, 52),
(6754, "2017.02.03", "16:00:00", 3, 1, 52),
(6755, "2017.01.13", "16:00:00", 3, 1, 52),
(6756, "2017.01.20", "16:00:00", 3, 1, 52),
(6757, "2017.01.27", "16:00:00", 3, 1, 52),
(6758, "2017.02.03", "16:00:00", 3, 1, 52),
(6759, "2017.01.14", "10:00:00", 3, 1, 52),
(6760, "2017.01.21", "10:00:00", 3, 1, 52),
(6761, "2017.01.28", "10:00:00", 3, 1, 52),
(6762, "2017.02.04", "10:00:00", 3, 1, 52),
(6763, "2017.01.14", "13:00:00", 3, 1, 52),
(6764, "2017.01.21", "13:00:00", 3, 1, 52),
(6765, "2017.01.28", "13:00:00", 3, 1, 52),
(6766, "2017.02.04", "13:00:00", 3, 1, 52),
(6767, "2017.01.14", "16:00:00", 3, 1, 52),
(6768, "2017.01.21", "16:00:00", 3, 1, 52),
(6769, "2017.01.28", "16:00:00", 3, 1, 52),
(6770, "2017.02.04", "16:00:00", 3, 1, 52),
(6771, "2017.01.14", "10:00:00", 3, 1, 52),
(6772, "2017.01.21", "10:00:00", 3, 1, 52),
(6773, "2017.01.28", "10:00:00", 3, 1, 52),
(6774, "2017.02.04", "10:00:00", 3, 1, 52),
(6775, "2017.01.14", "13:00:00", 3, 1, 52),
(6776, "2017.01.21", "13:00:00", 3, 1, 52),
(6777, "2017.01.28", "13:00:00", 3, 1, 52),
(6778, "2017.02.04", "13:00:00", 3, 1, 52),
(6779, "2017.01.14", "16:00:00", 3, 1, 52),
(6780, "2017.01.21", "16:00:00", 3, 1, 52),
(6781, "2017.01.28", "16:00:00", 3, 1, 52),
(6782, "2017.02.04", "16:00:00", 3, 1, 52),
(6783, "2017.01.15", "10:00:00", 3, 1, 52),
(6784, "2017.01.22", "10:00:00", 3, 1, 52),
(6785, "2017.01.29", "10:00:00", 3, 1, 52),
(6786, "2017.02.05", "10:00:00", 3, 1, 52),
(6787, "2017.01.15", "13:00:00", 3, 1, 52),
(6788, "2017.01.22", "13:00:00", 3, 1, 52),
(6789, "2017.01.29", "13:00:00", 3, 1, 52),
(6790, "2017.02.05", "13:00:00", 3, 1, 52),
(6791, "2017.01.15", "16:00:00", 3, 1, 52),
(6792, "2017.01.22", "16:00:00", 3, 1, 52),
(6793, "2017.01.29", "16:00:00", 3, 1, 52),
(6794, "2017.02.05", "16:00:00", 3, 1, 52),
(6795, "2017.01.15", "10:00:00", 3, 1, 52),
(6796, "2017.01.22", "10:00:00", 3, 1, 52),
(6797, "2017.01.29", "10:00:00", 3, 1, 52),
(6798, "2017.02.05", "10:00:00", 3, 1, 52),
(6799, "2017.01.15", "13:00:00", 3, 1, 52),
(6800, "2017.01.22", "13:00:00", 3, 1, 52),
(6801, "2017.01.29", "13:00:00", 3, 1, 52),
(6802, "2017.02.05", "13:00:00", 3, 1, 52),
(6803, "2017.01.15", "16:00:00", 3, 1, 52),
(6804, "2017.01.22", "16:00:00", 3, 1, 52),
(6805, "2017.01.29", "16:00:00", 3, 1, 52),
(6806, "2017.02.05", "16:00:00", 3, 1, 52),
(6862, "2017.01.26", "16:00:00", 3, 10, 19),
(6908, "2017.01.26", "17:00:00", 3, 2, 8),
(6909, "2017.01.27", "17:00:00", 3, 2, 8),
(6910, "2017.01.28", "17:00:00", 3, 2, 8),
(6911, "2017.01.27", "17:00:00", 3, 1, 58),
(6912, "2017.01.28", "17:00:00", 3, 1, 58),
(6913, "2017.01.29", "17:00:00", 3, 1, 58),
(6914, "2017.01.25", "16:00:00", 2, 1, 44),
(6915, "2017.01.26", "16:00:00", 2, 1, 44),
(6916, "2017.02.01", "14:00:00", 2, 1, 44),
(6917, "2017.02.02", "14:00:00", 2, 1, 44),
(6918, "2017.02.03", "14:00:00", 2, 1, 44),
(6920, "2017.01.27", "16:00:00", 3, 1, 31),
(6921, "2017.01.27", "16:00:00", 3, 1, 31),
(6922, "2017.01.28", "8:00:00", 5, 2, 31),
(6923, "2017.01.30", "18:00:00", 2, 2, 50),
(6924, "2017.01.31", "18:00:00", 2, 2, 50),
(6925, "2017.02.01", "18:00:00", 2, 2, 50),
(6926, "2017.02.02", "18:00:00", 2, 2, 50),
(6927, "2017.02.03", "18:00:00", 2, 2, 50),
(6928, "2017.02.10", "16:00:00", 3, 1, 52),
(6929, "2017.02.17", "16:00:00", 3, 1, 52),
(6930, "2017.02.24", "16:00:00", 3, 1, 52),
(6931, "2017.03.03", "16:00:00", 3, 1, 52),
(6932, "2017.03.10", "16:00:00", 3, 1, 52),
(6933, "2017.02.11", "10:00:00", 3, 1, 52),
(6934, "2017.02.18", "10:00:00", 3, 1, 52),
(6935, "2017.02.25", "10:00:00", 3, 1, 52),
(6936, "2017.03.04", "10:00:00", 3, 1, 52),
(6937, "2017.03.11", "10:00:00", 3, 1, 52),
(6938, "2017.02.11", "13:00:00", 3, 1, 52),
(6939, "2017.02.18", "13:00:00", 3, 1, 52),
(6940, "2017.02.25", "13:00:00", 3, 1, 52),
(6941, "2017.03.04", "13:00:00", 3, 1, 52),
(6942, "2017.03.11", "13:00:00", 3, 1, 52),
(6943, "2017.02.11", "16:00:00", 3, 1, 52),
(6944, "2017.02.18", "16:00:00", 3, 1, 52),
(6945, "2017.02.25", "16:00:00", 3, 1, 52),
(6946, "2017.03.04", "16:00:00", 3, 1, 52),
(6947, "2017.03.11", "16:00:00", 3, 1, 52),
(6948, "2017.02.10", "16:00:00", 3, 1, 27),
(6949, "2017.02.17", "16:00:00", 3, 1, 27),
(6950, "2017.02.24", "16:00:00", 3, 1, 27),
(6951, "2017.03.03", "16:00:00", 3, 1, 27),
(6952, "2017.03.10", "16:00:00", 3, 1, 27),
(6953, "2017.02.11", "10:00:00", 3, 1, 52),
(6954, "2017.02.14", "10:00:00", 3, 1, 52),
(6955, "2017.02.17", "10:00:00", 3, 1, 52),
(6956, "2017.02.20", "10:00:00", 3, 1, 52),
(6957, "2017.02.23", "10:00:00", 3, 1, 52),
(6958, "2017.02.11", "13:00:00", 3, 1, 52),
(6959, "2017.02.18", "13:00:00", 3, 1, 52),
(6960, "2017.02.25", "13:00:00", 3, 1, 52),
(6961, "2017.03.04", "13:00:00", 3, 1, 52),
(6962, "2017.03.11", "13:00:00", 3, 1, 52),
(6963, "2017.02.11", "16:00:00", 3, 1, 52),
(6964, "2017.02.18", "16:00:00", 3, 1, 52),
(6965, "2017.02.25", "16:00:00", 3, 1, 52),
(6966, "2017.03.04", "16:00:00", 3, 1, 52),
(6967, "2017.03.11", "16:00:00", 3, 1, 52),
(6968, "2017.02.12", "10:00:00", 3, 1, 52),
(6969, "2017.02.19", "10:00:00", 3, 1, 52),
(6970, "2017.02.26", "10:00:00", 3, 1, 52),
(6971, "2017.03.05", "10:00:00", 3, 1, 52),
(6972, "2017.03.12", "10:00:00", 3, 1, 52),
(6973, "2017.02.12", "13:00:00", 3, 1, 27),
(6974, "2017.02.19", "13:00:00", 3, 1, 27),
(6975, "2017.02.26", "13:00:00", 3, 1, 27),
(6976, "2017.03.05", "13:00:00", 3, 1, 27),
(6977, "2017.03.12", "13:00:00", 3, 1, 27),
(6978, "2017.02.12", "16:00:00", 3, 1, 27),
(6979, "2017.02.19", "16:00:00", 3, 1, 27),
(6980, "2017.02.26", "16:00:00", 3, 1, 27),
(6981, "2017.03.05", "16:00:00", 3, 1, 27),
(6982, "2017.03.12", "16:00:00", 3, 1, 27),
(6983, "2017.02.12", "10:00:00", 3, 1, 52),
(6984, "2017.02.19", "10:00:00", 3, 1, 52),
(6985, "2017.02.26", "10:00:00", 3, 1, 52),
(6986, "2017.03.05", "10:00:00", 3, 1, 52),
(6987, "2017.03.12", "10:00:00", 3, 1, 52),
(6988, "2017.02.12", "13:00:00", 3, 1, 52),
(6989, "2017.02.19", "13:00:00", 3, 1, 52),
(6990, "2017.02.26", "13:00:00", 3, 1, 52),
(6991, "2017.03.05", "13:00:00", 3, 1, 52),
(6992, "2017.03.12", "13:00:00", 3, 1, 52),
(6993, "2017.02.12", "16:00:00", 3, 1, 52),
(6994, "2017.02.19", "16:00:00", 3, 1, 52),
(6995, "2017.02.26", "16:00:00", 3, 1, 52),
(6996, "2017.03.05", "16:00:00", 3, 1, 52),
(6997, "2017.03.12", "16:00:00", 3, 1, 52),
(7002, "2017.02.11", "10:00:00", 3, 1, 24),
(7005, "2017.02.15", "19:00:00", 2, 3, 9),
(7007, "2017.02.17", "14:00:00", 3, 1, 45),
(7008, "2017.02.21", "14:00:00", 3, 8, 29),
(7009, "2017.02.17", "15:00:00", 3, 2, 31),
(7010, "2017.02.17", "15:00:00", 3, 2, 31),
(7011, "2017.03.01", "14:00:00", 3, 2, 28),
(7012, "2017.03.08", "14:00:00", 3, 2, 28),
(7013, "2017.03.15", "14:00:00", 3, 2, 28),
(7014, "2017.03.22", "14:00:00", 3, 2, 28),
(7015, "2017.03.29", "14:00:00", 3, 2, 28),
(7016, "2017.04.05", "14:00:00", 3, 2, 28),
(7018, "2017.02.24", "16:00:00", 3, 2, 24),
(7019, "2017.03.07", "18:00:00", 1, 4, 6),
(7020, "2017.03.06", "14:00:00", 3, 2, 35),
(7021, "2017.03.07", "14:00:00", 3, 2, 35),
(7022, "2017.03.08", "14:00:00", 3, 2, 35),
(7023, "2017.03.09", "14:00:00", 3, 2, 35),
(7024, "2017.03.10", "14:00:00", 3, 2, 35),
(7025, "2017.03.04", "8:00:00", 5, 2, 9),
(7026, "2017.03.03", "14:00:00", 2, 2, 16),
(7027, "2017.03.11", "14:00:00", 2, 1, 16),
(7028, "2017.03.18", "14:00:00", 2, 1, 16),
(7029, "2017.03.25", "14:00:00", 2, 1, 16),
(7030, "2017.04.01", "14:00:00", 2, 1, 16),
(7031, "2017.04.08", "14:00:00", 2, 1, 16),
(7032, "2017.04.15", "14:00:00", 2, 1, 16),
(7033, "2017.04.22", "14:00:00", 2, 1, 16),
(7034, "2017.04.29", "14:00:00", 2, 1, 16),
(7035, "2017.05.06", "14:00:00", 2, 1, 16),
(7036, "2017.05.13", "14:00:00", 2, 1, 16),
(7037, "2017.05.20", "14:00:00", 2, 1, 16),
(7038, "2017.05.27", "14:00:00", 2, 1, 16),
(7042, "2017.03.08", "15:00:00", 1, 1, 11),
(7043, "2017.03.15", "15:00:00", 1, 1, 11),
(7044, "2017.03.22", "15:00:00", 1, 1, 11),
(7045, "2017.03.29", "15:00:00", 1, 1, 11),
(7046, "2017.04.05", "15:00:00", 1, 1, 11),
(7047, "2017.04.12", "15:00:00", 1, 1, 11),
(7048, "2017.04.19", "15:00:00", 1, 1, 11),
(7049, "2017.04.26", "15:00:00", 1, 1, 11),
(7050, "2017.05.03", "15:00:00", 1, 1, 11),
(7051, "2017.05.10", "15:00:00", 1, 1, 11),
(7052, "2017.05.17", "15:00:00", 1, 1, 11),
(7053, "2017.05.24", "15:00:00", 1, 1, 11),
(7054, "2017.03.09", "14:30:00", 1, 4, 18),
(7055, "2017.03.09", "14:00:00", 3, 13, 4),
(7056, "2017.03.10", "8:30:00", 1, 4, 9),
(7057, "2017.03.11", "8:30:00", 1, 4, 9),
(7058, "2017.03.12", "8:30:00", 1, 4, 9),
(7059, "2017.03.13", "14:00:00", 3, 8, 9),
(7060, "2017.03.14", "14:00:00", 3, 7, 9),
(7062, "2017.03.08", "15:00:00", 1, 2, 45),
(7063, "2017.03.09", "18:30:00", 3, 3, 1),
(7064, "2017.03.11", "12:00:00", 1, 13, 9),
(7065, "2017.03.11", "13:00:00", 1, 8, 9),
(7066, "2017.03.12", "12:00:00", 1, 8, 9),
(7067, "2017.03.09", "15:30:00", 3, 2, 9),
(7068, "2017.03.10", "16:00:00", 3, 1, 9),
(7069, "2017.03.17", "16:00:00", 3, 1, 52),
(7070, "2017.03.24", "16:00:00", 3, 1, 52),
(7071, "2017.03.31", "16:00:00", 3, 1, 52),
(7072, "2017.04.07", "16:00:00", 3, 1, 52),
(7073, "2017.03.18", "10:00:00", 3, 1, 52),
(7074, "2017.03.25", "10:00:00", 3, 1, 52),
(7075, "2017.04.01", "10:00:00", 3, 1, 52),
(7076, "2017.04.08", "10:00:00", 3, 1, 52),
(7077, "2017.03.18", "13:00:00", 3, 1, 52),
(7078, "2017.03.25", "13:00:00", 3, 1, 52),
(7079, "2017.04.01", "13:00:00", 3, 1, 52),
(7080, "2017.04.08", "13:00:00", 3, 1, 52),
(7081, "2017.03.18", "16:00:00", 3, 1, 52),
(7082, "2017.03.25", "16:00:00", 3, 1, 52),
(7083, "2017.04.01", "16:00:00", 3, 1, 52),
(7084, "2017.04.08", "16:00:00", 3, 1, 52),
(7085, "2017.03.19", "10:00:00", 3, 1, 52),
(7086, "2017.03.26", "10:00:00", 3, 1, 52),
(7087, "2017.04.02", "10:00:00", 3, 1, 52),
(7088, "2017.04.09", "10:00:00", 3, 1, 52),
(7089, "2017.03.19", "13:00:00", 3, 1, 52),
(7090, "2017.03.26", "13:00:00", 3, 1, 52),
(7091, "2017.04.02", "13:00:00", 3, 1, 52),
(7092, "2017.04.09", "13:00:00", 3, 1, 52),
(7093, "2017.03.19", "16:00:00", 3, 1, 52),
(7094, "2017.03.26", "16:00:00", 3, 1, 52),
(7095, "2017.04.02", "16:00:00", 3, 1, 52),
(7096, "2017.04.09", "16:00:00", 3, 1, 52),
(7097, "2017.03.17", "16:00:00", 3, 1, 52),
(7098, "2017.03.24", "16:00:00", 3, 1, 52),
(7099, "2017.03.31", "16:00:00", 3, 1, 52),
(7100, "2017.04.07", "16:00:00", 3, 1, 52),
(7101, "2017.03.18", "10:00:00", 3, 1, 52),
(7102, "2017.03.25", "10:00:00", 3, 1, 52),
(7103, "2017.04.01", "10:00:00", 3, 1, 52),
(7104, "2017.04.08", "10:00:00", 3, 1, 52),
(7105, "2017.03.18", "13:00:00", 3, 1, 52),
(7106, "2017.03.25", "13:00:00", 3, 1, 52),
(7107, "2017.04.01", "13:00:00", 3, 1, 52),
(7108, "2017.04.08", "13:00:00", 3, 1, 52),
(7109, "2017.03.18", "16:00:00", 3, 1, 52),
(7110, "2017.03.25", "16:00:00", 3, 1, 52),
(7111, "2017.04.01", "16:00:00", 3, 1, 52),
(7112, "2017.04.08", "16:00:00", 3, 1, 52),
(7113, "2017.03.19", "10:00:00", 3, 1, 52),
(7114, "2017.03.26", "10:00:00", 3, 1, 52),
(7115, "2017.04.02", "10:00:00", 3, 1, 52),
(7116, "2017.04.09", "10:00:00", 3, 1, 52),
(7117, "2017.03.19", "13:00:00", 3, 1, 52),
(7118, "2017.03.26", "13:00:00", 3, 1, 52),
(7119, "2017.04.02", "13:00:00", 3, 1, 52),
(7120, "2017.04.09", "13:00:00", 3, 1, 52),
(7121, "2017.03.19", "16:00:00", 3, 1, 52),
(7122, "2017.03.26", "16:00:00", 3, 1, 52),
(7123, "2017.04.02", "16:00:00", 3, 1, 52),
(7124, "2017.04.09", "16:00:00", 3, 1, 52),
(7125, "2017.03.09", "15:00:00", 3, 1, 48),
(7126, "2017.03.10", "15:00:00", 3, 1, 48),
(7127, "2017.03.11", "15:00:00", 3, 1, 48),
(7128, "2017.03.10", "16:00:00", 3, 1, 51),
(7129, "2017.03.11", "8:00:00", 4, 1, 51),
(7130, "2017.03.12", "8:00:00", 4, 1, 51),
(7134, "2017.03.10", "14:00:00", 3, 2, 31),
(7135, "2017.03.12", "10:00:00", 3, 2, 22),
(7136, "2017.03.15", "16:00:00", 3, 1, 24),
(7137, "2017.03.16", "16:00:00", 3, 1, 24),
(7138, "2017.03.17", "16:00:00", 3, 1, 24),
(7139, "2017.03.17", "14:00:00", 3, 1, 28),
(7140, "2017.03.24", "14:00:00", 3, 1, 28),
(7141, "2017.03.31", "14:00:00", 3, 1, 28),
(7142, "2017.03.17", "14:00:00", 2, 2, 16),
(7143, "2017.03.24", "14:00:00", 2, 2, 16),
(7144, "2017.03.31", "14:00:00", 2, 2, 16),
(7145, "2017.04.07", "14:00:00", 2, 2, 16),
(7146, "2017.04.14", "14:00:00", 2, 2, 16),
(7147, "2017.04.21", "14:00:00", 2, 2, 16),
(7150, "2017.03.24", "14:00:00", 3, 7, 18),
(7181, "2017.07.03", "8:00:00", 5, 2, 52),
(7182, "2017.07.04", "8:00:00", 5, 2, 52),
(7183, "2017.07.05", "8:00:00", 5, 2, 52),
(7184, "2017.07.06", "8:00:00", 5, 2, 52),
(7185, "2017.07.07", "8:00:00", 5, 2, 52),
(7186, "2017.07.03", "13:00:00", 4, 2, 52),
(7187, "2017.07.04", "13:00:00", 4, 2, 52),
(7188, "2017.07.05", "13:00:00", 4, 2, 52),
(7189, "2017.07.06", "13:00:00", 4, 2, 52),
(7190, "2017.07.07", "13:00:00", 4, 2, 52),
(7191, "2017.07.10", "8:00:00", 5, 2, 52),
(7192, "2017.07.11", "8:00:00", 5, 2, 52),
(7193, "2017.07.12", "8:00:00", 5, 2, 52),
(7194, "2017.07.13", "8:00:00", 5, 2, 52),
(7195, "2017.07.14", "8:00:00", 5, 2, 52),
(7196, "2017.07.10", "13:00:00", 4, 2, 52),
(7197, "2017.07.11", "13:00:00", 4, 2, 52),
(7198, "2017.07.12", "13:00:00", 4, 2, 52),
(7199, "2017.07.13", "13:00:00", 4, 2, 52),
(7200, "2017.07.14", "13:00:00", 4, 2, 52),
(7201, "2017.07.17", "8:00:00", 5, 2, 52),
(7202, "2017.07.18", "8:00:00", 5, 2, 52),
(7203, "2017.07.19", "8:00:00", 5, 2, 52),
(7204, "2017.07.20", "8:00:00", 5, 2, 52),
(7205, "2017.07.21", "8:00:00", 5, 2, 52),
(7206, "2017.07.17", "13:00:00", 4, 2, 52),
(7207, "2017.07.18", "13:00:00", 4, 2, 52),
(7208, "2017.07.19", "13:00:00", 4, 2, 52),
(7209, "2017.07.20", "13:00:00", 4, 2, 52),
(7210, "2017.07.21", "13:00:00", 4, 2, 52),
(7211, "2017.04.01", "12:00:00", 3, 1, 44),
(7215, "2017.04.08", "9:30:00", 2, 2, 9),
(7216, "2017.04.01", "9:00:00", 3, 2, 31),
(7218, "2017.04.08", "15:00:00", 3, 2, 21),
(7219, "2017.04.09", "8:30:00", 2, 2, 21),
(7220, "2017.04.16", "8:30:00", 2, 2, 21),
(7221, "2017.04.23", "8:30:00", 2, 2, 21),
(7222, "2017.04.30", "8:30:00", 2, 2, 21),
(7223, "2017.05.07", "8:30:00", 2, 2, 21),
(7224, "2017.05.14", "8:30:00", 2, 2, 21),
(7225, "2017.05.21", "8:30:00", 2, 2, 21),
(7226, "2017.05.28", "8:30:00", 2, 2, 21),
(7227, "2017.06.04", "8:30:00", 2, 2, 21),
(7228, "2017.06.11", "8:30:00", 2, 2, 21),
(7229, "2017.06.18", "8:30:00", 2, 2, 21),
(7230, "2017.06.25", "8:30:00", 2, 2, 21),
(7231, "2017.07.02", "8:30:00", 2, 2, 21),
(7232, "2017.07.09", "8:30:00", 2, 2, 21),
(7233, "2017.07.16", "8:30:00", 2, 2, 21),
(7234, "2017.07.23", "8:30:00", 2, 2, 21),
(7235, "2017.07.30", "8:30:00", 2, 2, 21),
(7236, "2017.08.06", "8:30:00", 2, 2, 21),
(7237, "2017.08.13", "8:30:00", 2, 2, 21),
(7238, "2017.08.20", "8:30:00", 2, 2, 21),
(7241, "2017.04.29", "9:00:00", 3, 2, 2),
(7242, "2017.05.06", "9:00:00", 3, 2, 2),
(7243, "2017.05.13", "9:00:00", 3, 2, 2),
(7244, "2017.05.20", "9:00:00", 3, 2, 2),
(7245, "2017.05.27", "9:00:00", 3, 2, 2),
(7246, "2017.06.03", "9:00:00", 3, 2, 2),
(7247, "2017.06.10", "9:00:00", 3, 2, 2),
(7248, "2017.04.29", "12:00:00", 3, 2, 2),
(7249, "2017.05.06", "12:00:00", 3, 2, 2),
(7250, "2017.05.13", "12:00:00", 3, 2, 2),
(7251, "2017.05.20", "12:00:00", 3, 2, 2),
(7252, "2017.05.27", "12:00:00", 3, 2, 2),
(7253, "2017.06.03", "12:00:00", 3, 2, 2),
(7254, "2017.06.10", "12:00:00", 3, 2, 2),
(7255, "2017.04.29", "15:00:00", 3, 2, 2),
(7256, "2017.05.06", "15:00:00", 3, 2, 2),
(7257, "2017.05.13", "15:00:00", 3, 2, 2),
(7258, "2017.05.20", "15:00:00", 3, 2, 2),
(7259, "2017.05.27", "15:00:00", 3, 2, 2),
(7260, "2017.06.03", "15:00:00", 3, 2, 2),
(7261, "2017.06.10", "15:00:00", 3, 2, 2),
(7262, "2017.04.30", "9:00:00", 3, 2, 2),
(7263, "2017.05.07", "9:00:00", 3, 2, 2),
(7264, "2017.05.14", "9:00:00", 3, 2, 2),
(7265, "2017.05.21", "9:00:00", 3, 2, 2),
(7266, "2017.05.28", "9:00:00", 3, 2, 2),
(7267, "2017.06.04", "9:00:00", 3, 2, 2),
(7268, "2017.06.11", "9:00:00", 3, 2, 2),
(7269, "2017.04.30", "12:00:00", 3, 2, 2),
(7270, "2017.05.07", "12:00:00", 3, 2, 2),
(7271, "2017.05.14", "12:00:00", 3, 2, 2),
(7272, "2017.05.21", "12:00:00", 3, 2, 2),
(7273, "2017.05.28", "12:00:00", 3, 2, 2),
(7274, "2017.06.04", "12:00:00", 3, 2, 2),
(7275, "2017.06.11", "12:00:00", 3, 2, 2),
(7276, "2017.04.30", "15:00:00", 3, 2, 2),
(7277, "2017.05.07", "15:00:00", 3, 2, 2),
(7278, "2017.05.14", "15:00:00", 3, 2, 2),
(7279, "2017.05.21", "15:00:00", 3, 2, 2),
(7280, "2017.05.28", "15:00:00", 3, 2, 2),
(7281, "2017.06.04", "15:00:00", 3, 2, 2),
(7282, "2017.06.11", "15:00:00", 3, 2, 2),
(7283, "2017.04.08", "10:00:00", 3, 3, 57),
(7285, "2017.04.11", "14:00:00", 1, 14, 6),
(7286, "2017.06.19", "8:00:00", 3, 3, 44),
(7287, "2017.06.26", "8:00:00", 3, 3, 44),
(7288, "2017.07.03", "8:00:00", 3, 3, 44),
(7289, "2017.07.10", "8:00:00", 3, 3, 44),
(7290, "2017.07.17", "8:00:00", 3, 3, 44),
(7291, "2017.07.24", "8:00:00", 3, 3, 44),
(7292, "2017.07.31", "8:00:00", 3, 3, 44),
(7293, "2017.08.07", "8:00:00", 3, 3, 44),
(7295, "2017.08.21", "8:00:00", 3, 3, 44),
(7296, "2017.08.28", "8:00:00", 3, 3, 44),
(7299, "2017.04.12", "14:00:00", 3, 4, 35),
(7300, "2017.04.21", "16:00:00", 3, 1, 52),
(7301, "2017.04.28", "16:00:00", 3, 1, 52),
(7302, "2017.05.05", "16:00:00", 3, 1, 52),
(7303, "2017.05.12", "16:00:00", 3, 1, 52),
(7304, "2017.05.19", "16:00:00", 3, 1, 52),
(7305, "2017.05.26", "16:00:00", 3, 1, 52),
(7319, "2017.04.22", "10:00:00", 3, 1, 52),
(7320, "2017.04.29", "10:00:00", 3, 1, 52),
(7321, "2017.05.06", "10:00:00", 3, 1, 52),
(7322, "2017.05.13", "10:00:00", 3, 1, 52),
(7323, "2017.05.20", "10:00:00", 3, 1, 52),
(7324, "2017.05.27", "10:00:00", 3, 1, 52),
(7325, "2017.04.22", "13:00:00", 3, 1, 52),
(7326, "2017.04.29", "13:00:00", 3, 1, 52),
(7327, "2017.05.06", "13:00:00", 3, 1, 52),
(7328, "2017.05.13", "13:00:00", 3, 1, 52),
(7329, "2017.05.20", "13:00:00", 3, 1, 52),
(7330, "2017.05.27", "13:00:00", 3, 1, 52),
(7331, "2017.04.22", "16:00:00", 3, 1, 52),
(7332, "2017.04.29", "16:00:00", 3, 1, 52),
(7333, "2017.05.06", "16:00:00", 3, 1, 52),
(7334, "2017.05.13", "16:00:00", 3, 1, 52),
(7335, "2017.05.20", "16:00:00", 3, 1, 52),
(7336, "2017.05.27", "16:00:00", 3, 1, 52),
(7337, "2017.04.23", "10:00:00", 3, 1, 52),
(7338, "2017.04.30", "10:00:00", 3, 1, 52),
(7339, "2017.05.07", "10:00:00", 3, 1, 52),
(7340, "2017.05.14", "10:00:00", 3, 1, 52),
(7341, "2017.05.21", "10:00:00", 3, 1, 52),
(7342, "2017.05.28", "10:00:00", 3, 1, 52),
(7343, "2017.04.23", "13:00:00", 3, 1, 52),
(7344, "2017.04.30", "13:00:00", 3, 1, 52),
(7345, "2017.05.07", "13:00:00", 3, 1, 52),
(7346, "2017.05.14", "13:00:00", 3, 1, 52),
(7347, "2017.05.21", "13:00:00", 3, 1, 52),
(7348, "2017.05.28", "13:00:00", 3, 1, 52),
(7349, "2017.04.23", "16:00:00", 3, 1, 52),
(7350, "2017.04.30", "16:00:00", 3, 1, 52),
(7351, "2017.05.07", "16:00:00", 3, 1, 52),
(7352, "2017.05.14", "16:00:00", 3, 1, 52),
(7353, "2017.05.21", "16:00:00", 3, 1, 52),
(7354, "2017.05.28", "16:00:00", 3, 1, 52),
(7355, "2017.04.21", "16:00:00", 3, 1, 52),
(7356, "2017.04.28", "16:00:00", 3, 1, 52),
(7357, "2017.05.05", "16:00:00", 3, 1, 52),
(7358, "2017.05.12", "16:00:00", 3, 1, 52),
(7359, "2017.05.19", "16:00:00", 3, 1, 52),
(7360, "2017.05.26", "16:00:00", 3, 1, 52),
(7361, "2017.04.22", "10:00:00", 3, 1, 52),
(7362, "2017.04.29", "10:00:00", 3, 1, 52),
(7363, "2017.05.06", "10:00:00", 3, 1, 52),
(7364, "2017.05.13", "10:00:00", 3, 1, 52),
(7365, "2017.05.20", "10:00:00", 3, 1, 52),
(7366, "2017.05.27", "10:00:00", 3, 1, 52),
(7367, "2017.04.22", "13:00:00", 3, 1, 52),
(7368, "2017.04.29", "13:00:00", 3, 1, 52),
(7369, "2017.05.06", "13:00:00", 3, 1, 52),
(7370, "2017.05.13", "13:00:00", 3, 1, 52),
(7371, "2017.05.20", "13:00:00", 3, 1, 52),
(7372, "2017.05.27", "13:00:00", 3, 1, 52),
(7373, "2017.04.22", "16:00:00", 3, 1, 52),
(7374, "2017.04.29", "16:00:00", 3, 1, 52),
(7375, "2017.05.06", "16:00:00", 3, 1, 52),
(7376, "2017.05.13", "16:00:00", 3, 1, 52),
(7377, "2017.05.20", "16:00:00", 3, 1, 52),
(7378, "2017.05.27", "16:00:00", 3, 1, 52),
(7379, "2017.04.23", "10:00:00", 3, 1, 52),
(7380, "2017.04.30", "10:00:00", 3, 1, 52),
(7381, "2017.05.07", "10:00:00", 3, 1, 52),
(7382, "2017.05.14", "10:00:00", 3, 1, 52),
(7383, "2017.05.21", "10:00:00", 3, 1, 52),
(7384, "2017.05.28", "10:00:00", 3, 1, 52),
(7385, "2017.04.23", "13:00:00", 3, 1, 52),
(7386, "2017.04.30", "13:00:00", 3, 1, 52),
(7387, "2017.05.07", "13:00:00", 3, 1, 52),
(7388, "2017.05.14", "13:00:00", 3, 1, 52),
(7389, "2017.05.21", "13:00:00", 3, 1, 52),
(7390, "2017.05.28", "13:00:00", 3, 1, 52),
(7391, "2017.04.23", "16:00:00", 3, 1, 52),
(7392, "2017.04.30", "16:00:00", 3, 1, 52),
(7393, "2017.05.07", "16:00:00", 3, 1, 52),
(7394, "2017.05.14", "16:00:00", 3, 1, 52),
(7395, "2017.05.21", "16:00:00", 3, 1, 52),
(7396, "2017.05.28", "16:00:00", 3, 1, 52),
(7400, "2017.04.21", "19:00:00", 4, 1, 53),
(7401, "2017.04.22", "19:00:00", 4, 1, 53),
(7402, "2017.04.24", "17:00:00", 4, 1, 53),
(7403, "2017.04.24", "17:00:00", 3, 1, 24),
(7404, "2017.04.25", "17:00:00", 3, 1, 24),
(7405, "2017.04.24", "15:00:00", 3, 2, 31),
(7406, "2017.04.25", "15:00:00", 3, 2, 31),
(7407, "2017.04.26", "15:00:00", 3, 2, 31),
(7409, "2017.07.03", "10:00:00", 3, 1, 56),
(7410, "2017.07.04", "10:00:00", 3, 1, 56),
(7411, "2017.07.05", "10:00:00", 3, 1, 56),
(7412, "2017.07.06", "10:00:00", 3, 1, 56),
(7413, "2017.07.07", "10:00:00", 3, 1, 56),
(7414, "2017.04.29", "8:00:00", 5, 4, 31),
(7415, "2017.04.30", "8:00:00", 5, 4, 31),
(7417, "2017.04.29", "10:00:00", 3, 3, 24),
(7418, "2017.07.03", "8:00:00", 5, 2, 24),
(7419, "2017.07.04", "8:00:00", 5, 2, 24),
(7420, "2017.07.05", "8:00:00", 5, 2, 24),
(7421, "2017.07.06", "8:00:00", 5, 2, 24),
(7422, "2017.04.28", "14:00:00", 3, 1, 53),
(7423, "2017.05.01", "9:00:00", 3, 2, 2),
(7424, "2017.05.01", "12:00:00", 3, 2, 2),
(7425, "2017.05.01", "15:00:00", 3, 2, 2),
(7426, "2017.05.19", "15:00:00", 3, 10, 24),
(7428, "2017.05.20", "11:00:00", 3, 3, 12),
(7427, "2017.05.20", "8:30:00", 3, 3, 12),
(7433, "2017.05.05", "14:00:00", 1, 2, 16),
(7434, "2017.05.12", "14:00:00", 1, 2, 16),
(7435, "2017.05.19", "14:00:00", 1, 2, 16),
(7437, "2017.05.06", "10:00:00", 2, 3, 16),
(7440, "2017.05.12", "15:00:00", 3, 2, 58),
(7441, "2017.05.13", "15:00:00", 3, 2, 58),
(7442, "2017.05.14", "15:00:00", 3, 2, 58),
(7443, "2017.05.15", "15:00:00", 3, 2, 58),
(7444, "2017.05.16", "15:00:00", 3, 2, 58),
(7445, "2017.05.17", "15:00:00", 3, 2, 58),
(7446, "2017.05.18", "15:00:00", 3, 2, 58),
(7447, "2017.05.19", "15:00:00", 3, 2, 58),
(7448, "2017.05.20", "15:00:00", 3, 2, 58),
(7449, "2017.05.21", "15:00:00", 3, 2, 58),
(7450, "2017.05.12", "18:00:00", 2, 2, 58),
(7451, "2017.05.13", "18:00:00", 2, 2, 58),
(7452, "2017.05.14", "18:00:00", 2, 2, 58),
(7453, "2017.05.15", "18:00:00", 2, 2, 58),
(7454, "2017.05.16", "18:00:00", 2, 2, 58),
(7455, "2017.05.17", "18:00:00", 2, 2, 58),
(7456, "2017.05.18", "18:00:00", 2, 2, 58),
(7457, "2017.05.19", "18:00:00", 2, 2, 58),
(7458, "2017.05.20", "18:00:00", 2, 2, 58),
(7459, "2017.05.21", "18:00:00", 2, 2, 58),
(7460, "2017.05.21", "9:00:00", 3, 15, 20),
(7461, "2017.05.17", "14:30:00", 3, 6, 10),
(7462, "2017.05.17", "14:30:00", 2, 3, 10),
(7463, "2017.05.24", "14:30:00", 3, 3, 10),
(7464, "2017.07.10", "8:00:00", 3, 3, 50),
(7465, "2017.07.11", "8:00:00", 3, 3, 50),
(7466, "2017.07.12", "8:00:00", 3, 3, 50),
(7467, "2017.07.13", "8:00:00", 3, 3, 50),
(7468, "2017.07.14", "8:00:00", 3, 3, 50),
(7469, "2017.07.17", "8:00:00", 3, 3, 50),
(7470, "2017.07.18", "8:00:00", 3, 3, 50),
(7471, "2017.07.19", "8:00:00", 3, 3, 50),
(7472, "2017.07.20", "8:00:00", 3, 3, 50),
(7473, "2017.07.21", "8:00:00", 3, 3, 50),
(7474, "2017.07.03", "8:00:00", 3, 1, 50),
(7475, "2017.07.04", "8:00:00", 3, 1, 50),
(7476, "2017.07.05", "8:00:00", 3, 1, 50),
(7477, "2017.07.06", "8:00:00", 3, 1, 50),
(7478, "2017.07.07", "8:00:00", 3, 1, 50),
(7479, "2017.06.19", "7:30:00", 3, 3, 50),
(7480, "2017.06.20", "7:30:00", 3, 3, 50),
(7481, "2017.06.21", "7:30:00", 3, 3, 50),
(7482, "2017.06.23", "7:30:00", 3, 3, 50),
(7483, "2017.06.19", "10:30:00", 3, 3, 50),
(7484, "2017.06.20", "10:30:00", 3, 3, 50),
(7485, "2017.06.21", "10:30:00", 3, 3, 50),
(7486, "2017.06.23", "10:30:00", 3, 3, 50),
(7487, "2017.06.19", "13:30:00", 3, 3, 50),
(7488, "2017.06.20", "13:30:00", 3, 3, 50),
(7489, "2017.06.21", "13:30:00", 3, 3, 50),
(7490, "2017.06.23", "13:30:00", 3, 3, 50),
(7491, "2017.06.22", "8:30:00", 5, 2, 50),
(7493, "2017.06.03", "13:00:00", 4, 3, 23),
(7492, "2017.06.03", "8:00:00", 3, 6, 18),
(7495, "2017.06.03", "18:00:00", 3, 6, 18),
(7496, "2017.06.19", "10:00:00", 5, 4, 16),
(7497, "2017.06.20", "10:00:00", 5, 4, 16),
(7498, "2017.06.21", "10:00:00", 5, 4, 16),
(7499, "2017.06.22", "10:00:00", 5, 4, 16),
(7500, "2017.06.23", "10:00:00", 5, 4, 16),
(7501, "2017.06.26", "10:00:00", 5, 4, 16),
(7502, "2017.06.27", "10:00:00", 5, 4, 16),
(7503, "2017.06.28", "10:00:00", 5, 4, 16),
(7504, "2017.06.29", "10:00:00", 5, 4, 16),
(7505, "2017.06.30", "10:00:00", 5, 4, 16),
(7506, "2017.07.03", "10:00:00", 5, 4, 16),
(7507, "2017.07.04", "10:00:00", 5, 4, 16),
(7508, "2017.07.05", "10:00:00", 5, 4, 16),
(7509, "2017.07.06", "10:00:00", 5, 4, 16),
(7510, "2017.07.07", "10:00:00", 5, 4, 16),
(7511, "2017.07.10", "10:00:00", 5, 4, 16),
(7512, "2017.07.11", "10:00:00", 5, 4, 16),
(7513, "2017.07.12", "10:00:00", 5, 4, 16),
(7514, "2017.07.13", "10:00:00", 5, 4, 16),
(7515, "2017.07.14", "10:00:00", 5, 4, 16),
(7516, "2017.07.17", "10:00:00", 5, 4, 16),
(7517, "2017.07.18", "10:00:00", 5, 4, 16),
(7518, "2017.07.19", "10:00:00", 5, 4, 16),
(7519, "2017.07.20", "10:00:00", 5, 4, 16),
(7520, "2017.07.21", "10:00:00", 5, 4, 16),
(7521, "2017.07.24", "10:00:00", 5, 4, 16),
(7522, "2017.07.25", "10:00:00", 5, 4, 16),
(7523, "2017.07.26", "10:00:00", 5, 4, 16),
(7524, "2017.07.27", "10:00:00", 5, 4, 16),
(7525, "2017.07.28", "10:00:00", 5, 4, 16),
(7526, "2017.07.31", "10:00:00", 5, 4, 16),
(7527, "2017.08.01", "10:00:00", 5, 4, 16),
(7528, "2017.08.02", "10:00:00", 5, 4, 16),
(7529, "2017.08.03", "10:00:00", 5, 4, 16),
(7530, "2017.08.04", "10:00:00", 5, 4, 16),
(7531, "2017.08.07", "10:00:00", 5, 4, 16),
(7532, "2017.08.08", "10:00:00", 5, 4, 16),
(7533, "2017.08.09", "10:00:00", 5, 4, 16),
(7534, "2017.08.10", "10:00:00", 5, 4, 16),
(7535, "2017.08.11", "10:00:00", 5, 4, 16),
(7536, "2017.08.14", "10:00:00", 5, 4, 16),
(7537, "2017.08.15", "10:00:00", 5, 4, 16),
(7538, "2017.08.16", "10:00:00", 5, 4, 16),
(7539, "2017.08.17", "10:00:00", 5, 4, 16),
(7540, "2017.08.18", "10:00:00", 5, 4, 16),
(7541, "2017.08.21", "10:00:00", 5, 4, 16),
(7542, "2017.08.22", "10:00:00", 5, 4, 16),
(7543, "2017.08.23", "10:00:00", 5, 4, 16),
(7544, "2017.08.24", "10:00:00", 5, 4, 16),
(7545, "2017.08.25", "10:00:00", 5, 4, 16),
(7546, "2017.05.26", "8:00:00", 3, 1, 16),
(7547, "2017.05.27", "8:00:00", 3, 1, 16),
(7548, "2017.05.28", "8:00:00", 3, 1, 16),
(7549, "2017.05.19", "8:00:00", 3, 2, 24),
(7550, "2017.05.20", "8:00:00", 3, 2, 24),
(7551, "2017.05.21", "8:00:00", 3, 2, 24),
(7552, "2017.05.22", "8:00:00", 3, 2, 24),
(7429, "2017.05.20", "14:00:00", 3, 5, 12),
(7177, "2017.06.28", "8:00:00", 4, 4, 7),
(7180, "2017.06.28", "12:00:00", 4, 4, 7),
(7176, "2017.06.27", "8:00:00", 4, 4, 7),
(7179, "2017.06.27", "12:00:00", 4, 4, 7),
(7175, "2017.06.26", "8:00:00", 4, 4, 7),
(7178, "2017.06.26", "12:00:00", 4, 4, 7),
(7159, "2017.06.25", "8:00:00", 4, 15, 19),
(7162, "2017.06.25", "12:00:00", 4, 15, 55),
(7165, "2017.06.25", "16:00:00", 4, 15, 55),
(7168, "2017.06.25", "8:00:00", 4, 6, 38),
(7171, "2017.06.25", "12:00:00", 4, 6, 38),
(7174, "2017.06.25", "16:00:00", 4, 6, 38),
(7158, "2017.06.24", "8:00:00", 4, 15, 19),
(7161, "2017.06.24", "12:00:00", 4, 15, 55),
(7164, "2017.06.24", "16:00:00", 4, 15, 55),
(7569, "2017.05.22", "19:00:00", 3, 2, 53),
(7570, "2017.05.23", "19:00:00", 3, 2, 53),
(7167, "2017.06.24", "8:00:00", 4, 6, 38),
(7170, "2017.06.24", "12:00:00", 4, 6, 38),
(7173, "2017.06.24", "16:00:00", 4, 6, 38),
(7157, "2017.06.23", "8:00:00", 4, 15, 19),
(7160, "2017.06.23", "12:00:00", 4, 15, 55),
(7163, "2017.06.23", "16:00:00", 4, 15, 55),
(7166, "2017.06.23", "8:00:00", 4, 6, 38),
(7169, "2017.06.23", "12:00:00", 4, 6, 38),
(7172, "2017.06.23", "16:00:00", 4, 6, 38),
(7153, "2017.06.22", "8:00:00", 5, 8, 55),
(7156, "2017.06.22", "13:00:00", 4, 8, 55),
(7152, "2017.06.21", "8:00:00", 5, 8, 55),
(7155, "2017.06.21", "13:00:00", 4, 8, 55),
(7151, "2017.06.20", "8:00:00", 5, 8, 55),
(7154, "2017.06.20", "13:00:00", 4, 8, 55),
(7586, "2017.07.03", "8:00:00", 5, 10, 44),
(7587, "2017.07.04", "8:00:00", 5, 10, 44),
(7588, "2017.07.05", "8:00:00", 5, 10, 44),
(7589, "2017.07.06", "8:00:00", 5, 10, 44),
(7590, "2017.07.07", "8:00:00", 5, 10, 44),
(7591, "2017.07.10", "8:00:00", 5, 10, 44),
(7592, "2017.07.11", "8:00:00", 5, 10, 44),
(7593, "2017.07.12", "8:00:00", 5, 10, 44),
(7594, "2017.07.13", "8:00:00", 5, 10, 44),
(7595, "2017.07.14", "8:00:00", 5, 10, 44),
(7596, "2017.05.24", "15:00:00", 3, 1, 18),
(7597, "2017.05.25", "15:00:00", 3, 1, 18),
(7598, "2017.07.03", "8:00:00", 4, 1, 50),
(7599, "2017.07.04", "8:00:00", 4, 1, 50),
(7600, "2017.07.05", "8:00:00", 4, 1, 50),
(7601, "2017.07.06", "8:00:00", 4, 1, 50),
(7602, "2017.07.07", "8:00:00", 4, 1, 50),
(7603, "2017.05.25", "15:00:00", 3, 1, 20),
(7604, "2017.05.25", "15:00:00", 3, 4, 24),
(7605, "2017.05.26", "15:00:00", 3, 4, 24),
(7606, "2017.05.26", "15:00:00", 3, 4, 24),
(7607, "2017.06.01", "10:00:00", 3, 20, 46),
(7608, "2017.06.08", "10:00:00", 3, 20, 46),
(7609, "2017.06.15", "10:00:00", 3, 20, 46),
(7610, "2017.06.22", "10:00:00", 3, 20, 46),
(7611, "2017.06.29", "10:00:00", 3, 20, 46),
(7612, "2017.06.02", "16:00:00", 3, 1, 52),
(7613, "2017.06.09", "16:00:00", 3, 1, 52),
(7614, "2017.06.16", "16:00:00", 3, 1, 52),
(7615, "2017.06.23", "16:00:00", 3, 1, 52),
(7616, "2017.06.30", "16:00:00", 3, 1, 52),
(7617, "2017.06.03", "10:00:00", 3, 1, 52),
(7618, "2017.06.10", "10:00:00", 3, 1, 52),
(7619, "2017.06.17", "10:00:00", 3, 1, 52),
(7620, "2017.06.24", "10:00:00", 3, 1, 52),
(7621, "2017.07.01", "10:00:00", 3, 1, 52),
(7622, "2017.06.03", "13:00:00", 3, 1, 52),
(7623, "2017.06.10", "13:00:00", 3, 1, 52),
(7624, "2017.06.17", "13:00:00", 3, 1, 52),
(7625, "2017.06.24", "13:00:00", 3, 1, 52),
(7626, "2017.07.01", "13:00:00", 3, 1, 52),
(7627, "2017.06.03", "16:00:00", 3, 1, 52),
(7628, "2017.06.10", "16:00:00", 3, 1, 52),
(7629, "2017.06.17", "16:00:00", 3, 1, 52),
(7630, "2017.06.24", "16:00:00", 3, 1, 52),
(7631, "2017.07.01", "16:00:00", 3, 1, 52),
(7632, "2017.06.11", "10:00:00", 3, 1, 52),
(7633, "2017.06.18", "10:00:00", 3, 1, 52),
(7634, "2017.06.25", "10:00:00", 3, 1, 52),
(7635, "2017.07.02", "10:00:00", 3, 1, 52),
(7636, "2017.06.11", "13:00:00", 2, 1, 52),
(7637, "2017.06.18", "13:00:00", 2, 1, 52),
(7638, "2017.06.25", "13:00:00", 2, 1, 52),
(7639, "2017.07.02", "13:00:00", 2, 1, 52),
(7640, "2017.06.11", "16:00:00", 3, 1, 52),
(7641, "2017.06.18", "16:00:00", 3, 1, 52),
(7642, "2017.06.25", "16:00:00", 3, 1, 52),
(7643, "2017.07.02", "16:00:00", 3, 1, 52),
(7644, "2017.06.02", "16:00:00", 3, 1, 52),
(7645, "2017.06.09", "16:00:00", 3, 1, 52),
(7646, "2017.06.16", "16:00:00", 3, 1, 52),
(7647, "2017.06.23", "16:00:00", 3, 1, 52),
(7648, "2017.06.30", "16:00:00", 3, 1, 52),
(7649, "2017.06.03", "10:00:00", 3, 1, 52),
(7650, "2017.06.10", "10:00:00", 3, 1, 52),
(7651, "2017.06.17", "10:00:00", 3, 1, 52),
(7652, "2017.06.24", "10:00:00", 3, 1, 52),
(7653, "2017.07.01", "10:00:00", 3, 1, 52),
(7654, "2017.06.03", "13:00:00", 3, 1, 52),
(7655, "2017.06.10", "13:00:00", 3, 1, 52),
(7656, "2017.06.17", "13:00:00", 3, 1, 52),
(7657, "2017.06.24", "13:00:00", 3, 1, 52),
(7658, "2017.07.01", "13:00:00", 3, 1, 52),
(7659, "2017.06.03", "16:00:00", 3, 1, 52),
(7660, "2017.06.10", "16:00:00", 3, 1, 52),
(7661, "2017.06.17", "16:00:00", 3, 1, 52),
(7662, "2017.06.24", "16:00:00", 3, 1, 52),
(7663, "2017.07.01", "16:00:00", 3, 1, 52),
(7664, "2017.06.11", "10:00:00", 3, 1, 52),
(7665, "2017.06.18", "10:00:00", 3, 1, 52),
(7666, "2017.06.25", "10:00:00", 3, 1, 52),
(7667, "2017.07.02", "10:00:00", 3, 1, 52),
(7668, "2017.06.11", "13:00:00", 3, 1, 52),
(7669, "2017.06.18", "13:00:00", 3, 1, 52),
(7670, "2017.06.25", "13:00:00", 3, 1, 52),
(7671, "2017.07.02", "13:00:00", 3, 1, 52),
(7672, "2017.06.11", "16:00:00", 3, 1, 52),
(7673, "2017.06.18", "16:00:00", 3, 1, 52),
(7674, "2017.06.25", "16:00:00", 3, 1, 52),
(7675, "2017.07.02", "16:00:00", 3, 1, 52),
(7676, "2017.05.29", "16:00:00", 3, 1, 17),
(7677, "2017.06.12", "8:00:00", 3, 1, 50),
(7678, "2017.06.19", "8:00:00", 3, 1, 50),
(7680, "2017.07.03", "8:00:00", 3, 1, 50),
(7681, "2017.07.10", "8:00:00", 3, 1, 50),
(7682, "2017.07.17", "8:00:00", 3, 1, 50),
(7683, "2017.07.24", "8:00:00", 3, 1, 50),
(7684, "2017.06.03", "8:00:00", 5, 2, 39),
(7685, "2017.06.10", "8:00:00", 5, 2, 39),
(7686, "2017.06.17", "8:00:00", 5, 2, 39),
(7687, "2017.06.24", "8:00:00", 5, 2, 39),
(7688, "2017.07.01", "8:00:00", 5, 2, 39),
(7689, "2017.07.08", "8:00:00", 5, 2, 39),
(7690, "2017.07.15", "8:00:00", 5, 2, 39),
(7691, "2017.07.22", "8:00:00", 5, 2, 39),
(7692, "2017.05.31", "13:15:00", 1, 4, 6),
(7694, "2017.07.24", "8:00:00", 5, 1, 50),
(7695, "2017.07.25", "8:00:00", 5, 1, 50),
(7696, "2017.07.26", "8:00:00", 5, 1, 50),
(7697, "2017.07.27", "8:00:00", 5, 1, 50),
(7698, "2017.07.28", "8:00:00", 5, 1, 50),
(7699, "2017.06.03", "8:00:00", 3, 1, 44),
(7700, "2017.06.04", "8:00:00", 3, 1, 44),
(7701, "2017.06.03", "15:00:00", 3, 1, 16),
(7703, "2017.06.04", "10:00:00", 3, 2, 24),
(7702, "2017.06.03", "10:00:00", 3, 2, 24),
(7706, "2017.07.03", "8:00:00", 5, 5, 9),
(7707, "2017.07.06", "8:00:00", 5, 20, 9),
(7708, "2017.07.06", "8:00:00", 5, 20, 9),
(7709, "2017.06.10", "9:00:00", 3, 10, 15),
(7713, "2017.06.16", "8:00:00", 4, 2, 24),
(7714, "2017.06.23", "8:00:00", 4, 2, 24),
(7715, "2017.06.19", "8:00:00", 4, 2, 24),
(7716, "2017.06.20", "8:00:00", 4, 2, 24),
(7717, "2017.06.21", "8:00:00", 4, 2, 24),
(7718, "2017.06.22", "8:00:00", 4, 2, 24),
(7719, "2017.06.09", "8:00:00", 3, 2, 8),
(7720, "2017.06.10", "8:00:00", 3, 2, 8),
(7721, "2017.06.20", "8:00:00", 3, 1, 50),
(7722, "2017.07.19", "8:00:00", 3, 1, 50),
(7723, "2017.07.25", "8:00:00", 3, 1, 50),
(7724, "2017.07.28", "8:00:00", 3, 1, 50),
(7725, "2017.06.19", "8:00:00", 5, 1, 49),
(7726, "2017.06.20", "8:00:00", 5, 1, 49),
(7727, "2017.06.21", "8:00:00", 5, 1, 49),
(7728, "2017.06.22", "8:00:00", 5, 1, 49),
(7729, "2017.06.23", "8:00:00", 5, 1, 49),
(7730, "2017.06.26", "8:00:00", 5, 1, 49),
(7731, "2017.06.27", "8:00:00", 5, 1, 49),
(7732, "2017.06.28", "8:00:00", 5, 1, 49),
(7733, "2017.06.29", "8:00:00", 5, 1, 49),
(7734, "2017.06.30", "8:00:00", 5, 1, 49),
(7735, "2017.06.19", "8:00:00", 3, 1, 36),
(7736, "2017.06.20", "8:00:00", 3, 1, 36),
(7737, "2017.06.21", "8:00:00", 3, 1, 36),
(7738, "2017.06.29", "8:00:00", 3, 1, 36),
(7739, "2017.06.30", "8:00:00", 3, 1, 36),
(7740, "2017.07.01", "8:00:00", 3, 1, 36),
(7741, "2017.07.02", "8:00:00", 3, 1, 36),
(7743, "2017.06.19", "8:00:00", 2, 1, 50),
(7744, "2017.06.20", "8:00:00", 2, 1, 50),
(7745, "2017.06.21", "8:00:00", 2, 1, 50),
(7746, "2017.06.22", "8:00:00", 2, 1, 50),
(7747, "2017.06.23", "8:00:00", 2, 1, 50),
(7748, "2017.06.26", "8:00:00", 5, 1, 44),
(7749, "2017.06.27", "8:00:00", 5, 1, 44),
(7750, "2017.06.28", "8:00:00", 5, 1, 44),
(7751, "2017.06.29", "8:00:00", 5, 1, 44),
(7752, "2017.06.30", "8:00:00", 5, 1, 44),
(7753, "2017.06.19", "8:00:00", 5, 2, 52),
(7754, "2017.06.20", "8:00:00", 5, 2, 52),
(7755, "2017.06.21", "8:00:00", 5, 2, 52),
(7756, "2017.06.22", "8:00:00", 5, 2, 52),
(7757, "2017.06.23", "8:00:00", 5, 2, 52),
(7758, "2017.06.09", "16:00:00", 3, 1, 47),
(7770, "2017.06.19", "8:00:00", 5, 1, 50),
(7771, "2017.06.20", "8:00:00", 5, 1, 50),
(7772, "2017.06.21", "8:00:00", 5, 1, 50),
(7773, "2017.06.22", "8:00:00", 5, 1, 50),
(7774, "2017.06.23", "8:00:00", 5, 1, 50),
(7780, "2017.06.18", "10:00:00", 5, 1, 17),
(7764, "2017.06.18", "12:00:00", 5, 3, 18),
(7782, "2017.06.19", "8:00:00", 4, 2, 50),
(7787, "2017.06.26", "8:00:00", 4, 2, 50),
(7788, "2017.06.27", "8:00:00", 4, 2, 50),
(7789, "2017.06.28", "8:00:00", 4, 2, 50),
(7790, "2017.06.29", "8:00:00", 4, 2, 50),
(7791, "2017.06.30", "8:00:00", 4, 2, 50),
(7783, "2017.06.20", "8:00:00", 4, 2, 50),
(7784, "2017.06.21", "8:00:00", 4, 2, 50),
(7785, "2017.06.22", "8:00:00", 4, 2, 50),
(7786, "2017.06.23", "8:00:00", 4, 2, 50),
(7801, "2017.07.05", "8:00:00", 3, 2, 18),
(7802, "2017.07.06", "8:00:00", 3, 2, 18),
(7803, "2017.07.07", "8:00:00", 3, 2, 18),
(7759, "2017.06.26", "8:00:00", 5, 3, 50),
(7760, "2017.06.27", "8:00:00", 5, 3, 50),
(7761, "2017.06.28", "8:00:00", 5, 3, 50),
(7762, "2017.06.29", "8:00:00", 5, 3, 50),
(7763, "2017.06.30", "8:00:00", 5, 3, 50),
(7765, "2017.06.19", "8:00:00", 5, 2, 50),
(7766, "2017.06.20", "8:00:00", 5, 2, 50),
(7767, "2017.06.21", "8:00:00", 5, 2, 50),
(7768, "2017.06.22", "8:00:00", 5, 2, 50),
(7769, "2017.06.23", "8:00:00", 5, 2, 50),
(7797, "2017.07.10", "8:00:00", 3, 5, 18),
(7798, "2017.07.11", "8:00:00", 3, 5, 18),
(7799, "2017.07.12", "8:00:00", 3, 5, 18),
(7800, "2017.07.13", "8:00:00", 3, 5, 18),
(7824, "2017.06.18", "9:00:00", 5, 2, 20),
(7826, "2017.06.24", "8:00:00", 5, 2, 8),
(7828, "2017.07.06", "8:00:00", 4, 8, 14),
(7829, "2017.07.07", "8:00:00", 4, 8, 14),
(7834, "2017.07.14", "8:00:00", 4, 10, 26),
(7833, "2017.07.13", "8:00:00", 4, 10, 26),
(7832, "2017.07.12", "8:00:00", 4, 10, 26),
(7831, "2017.07.11", "8:00:00", 4, 10, 26),
(7830, "2017.07.10", "8:00:00", 4, 10, 26),
(7846, "2017.06.26", "10:00:00", 3, 4, 25),
(7848, "2017.06.28", "8:00:00", 4, 2, 52),
(7851, "2017.06.29", "10:00:00", 5, 2, 53),
(7852, "2017.06.30", "10:00:00", 5, 2, 53),
(7857, "2017.07.06", "10:00:00", 3, 1, 52),
(7858, "2017.07.13", "10:00:00", 3, 1, 52),
(7859, "2017.07.20", "10:00:00", 3, 1, 52),
(7860, "2017.07.27", "10:00:00", 3, 1, 52),
(7861, "2017.07.06", "13:00:00", 3, 1, 52),
(7862, "2017.07.13", "13:00:00", 3, 1, 52),
(7863, "2017.07.20", "13:00:00", 3, 1, 52),
(7864, "2017.07.27", "13:00:00", 3, 1, 52),
(7865, "2017.07.06", "16:00:00", 3, 1, 52),
(7866, "2017.07.13", "16:00:00", 3, 1, 52),
(7867, "2017.07.20", "16:00:00", 3, 1, 52),
(7868, "2017.07.27", "16:00:00", 3, 1, 52),
(7869, "2017.07.07", "10:00:00", 3, 1, 52),
(7870, "2017.07.14", "10:00:00", 3, 1, 52),
(7871, "2017.07.21", "10:00:00", 3, 1, 52),
(7872, "2017.07.28", "10:00:00", 3, 1, 52),
(7873, "2017.07.07", "13:00:00", 3, 1, 52),
(7874, "2017.07.14", "13:00:00", 3, 1, 52),
(7875, "2017.07.21", "13:00:00", 3, 1, 52),
(7876, "2017.07.28", "13:00:00", 3, 1, 52),
(7877, "2017.07.07", "16:00:00", 3, 1, 52),
(7878, "2017.07.14", "16:00:00", 3, 1, 52),
(7879, "2017.07.21", "16:00:00", 3, 1, 52),
(7880, "2017.07.28", "16:00:00", 3, 1, 52),
(7881, "2017.07.08", "10:00:00", 3, 1, 52),
(7882, "2017.07.15", "10:00:00", 3, 1, 52),
(7883, "2017.07.22", "10:00:00", 3, 1, 52),
(7884, "2017.07.29", "10:00:00", 3, 1, 52),
(7885, "2017.07.08", "13:00:00", 3, 1, 52),
(7886, "2017.07.15", "13:00:00", 3, 1, 52),
(7887, "2017.07.22", "13:00:00", 3, 1, 52),
(7888, "2017.07.29", "13:00:00", 3, 1, 52),
(7890, "2017.07.08", "16:00:00", 3, 1, 52),
(7891, "2017.07.15", "16:00:00", 3, 1, 52),
(7892, "2017.07.22", "16:00:00", 3, 1, 52),
(7893, "2017.07.29", "16:00:00", 3, 1, 52),
(7894, "2017.07.06", "10:00:00", 3, 1, 52),
(7895, "2017.07.13", "10:00:00", 3, 1, 52),
(7896, "2017.07.20", "10:00:00", 3, 1, 52),
(7897, "2017.07.27", "10:00:00", 3, 1, 52),
(7898, "2017.07.06", "13:00:00", 3, 1, 52),
(7899, "2017.07.13", "13:00:00", 3, 1, 52),
(7900, "2017.07.20", "13:00:00", 3, 1, 52),
(7901, "2017.07.27", "13:00:00", 3, 1, 52),
(7902, "2017.07.06", "16:00:00", 3, 1, 52),
(7903, "2017.07.13", "16:00:00", 3, 1, 52),
(7904, "2017.07.20", "16:00:00", 3, 1, 52),
(7905, "2017.07.27", "16:00:00", 3, 1, 52),
(7906, "2017.07.07", "10:00:00", 3, 1, 52),
(7907, "2017.07.14", "10:00:00", 3, 1, 52),
(7908, "2017.07.21", "10:00:00", 3, 1, 52),
(7909, "2017.07.28", "10:00:00", 3, 1, 52),
(7910, "2017.07.07", "13:00:00", 3, 1, 52),
(7911, "2017.07.14", "13:00:00", 3, 1, 52),
(7912, "2017.07.21", "13:00:00", 3, 1, 52),
(7913, "2017.07.28", "13:00:00", 3, 1, 52),
(7914, "2017.07.07", "16:00:00", 3, 1, 52),
(7915, "2017.07.14", "16:00:00", 3, 1, 52),
(7916, "2017.07.21", "16:00:00", 3, 1, 52),
(7917, "2017.07.28", "16:00:00", 3, 1, 52),
(7918, "2017.07.08", "10:00:00", 3, 1, 52),
(7919, "2017.07.15", "10:00:00", 3, 1, 52),
(7920, "2017.07.22", "10:00:00", 3, 1, 52),
(7921, "2017.07.29", "10:00:00", 3, 1, 52),
(7922, "2017.07.08", "13:00:00", 3, 1, 52),
(7923, "2017.07.15", "13:00:00", 3, 1, 52),
(7924, "2017.07.22", "13:00:00", 3, 1, 52),
(7925, "2017.07.29", "13:00:00", 3, 1, 52),
(7926, "2017.07.08", "16:00:00", 3, 1, 52),
(7927, "2017.07.15", "16:00:00", 3, 1, 52),
(7928, "2017.07.22", "16:00:00", 3, 1, 52),
(7929, "2017.07.29", "16:00:00", 3, 1, 52),
(7931, "2017.08.23", "9:00:00", 3, 5, 25),
(7932, "2017.08.24", "9:00:00", 3, 5, 25),
(7933, "2017.08.28", "9:00:00", 3, 5, 25),
(7940, "2017.07.18", "8:00:00", 4, 1, 43),
(7941, "2017.07.22", "8:00:00", 4, 1, 43),
(7942, "2017.08.18", "8:00:00", 4, 1, 43),
(7943, "2017.08.21", "8:00:00", 4, 1, 43),
(7944, "2017.08.28", "8:00:00", 4, 1, 43),
(7945, "2017.08.29", "8:00:00", 4, 1, 43),
(7946, "2017.08.30", "8:00:00", 4, 1, 43),
(7947, "2017.08.31", "8:00:00", 4, 1, 43),
(7948, "2017.07.25", "8:00:00", 3, 1, 18),
(7949, "2017.08.03", "10:00:00", 3, 1, 52),
(7950, "2017.08.10", "10:00:00", 3, 1, 52),
(7951, "2017.08.17", "10:00:00", 3, 1, 52),
(7952, "2017.08.24", "10:00:00", 3, 1, 52),
(7953, "2017.08.31", "10:00:00", 3, 1, 52),
(7954, "2017.08.03", "13:00:00", 3, 1, 52),
(7955, "2017.08.10", "13:00:00", 3, 1, 52),
(7956, "2017.08.17", "13:00:00", 3, 1, 52),
(7957, "2017.08.24", "13:00:00", 3, 1, 52),
(7958, "2017.08.31", "13:00:00", 3, 1, 52),
(7959, "2017.08.03", "16:00:00", 3, 1, 52),
(7960, "2017.08.10", "16:00:00", 3, 1, 52),
(7961, "2017.08.17", "16:00:00", 3, 1, 52),
(7962, "2017.08.24", "16:00:00", 3, 1, 52),
(7963, "2017.08.31", "16:00:00", 3, 1, 52),
(7964, "2017.08.03", "10:00:00", 3, 1, 52),
(7965, "2017.08.10", "10:00:00", 3, 1, 52),
(7966, "2017.08.17", "10:00:00", 3, 1, 52),
(7967, "2017.08.24", "10:00:00", 3, 1, 52),
(7968, "2017.08.31", "10:00:00", 3, 1, 52),
(7969, "2017.08.03", "13:00:00", 3, 1, 52),
(7970, "2017.08.10", "13:00:00", 3, 1, 52),
(7971, "2017.08.17", "13:00:00", 3, 1, 52),
(7972, "2017.08.24", "13:00:00", 3, 1, 52),
(7973, "2017.08.31", "13:00:00", 3, 1, 52),
(7974, "2017.08.03", "16:00:00", 3, 1, 52),
(7975, "2017.08.10", "16:00:00", 3, 1, 52),
(7976, "2017.08.17", "16:00:00", 3, 1, 52),
(7977, "2017.08.24", "16:00:00", 3, 1, 52),
(7978, "2017.08.31", "16:00:00", 3, 1, 52),
(7979, "2017.08.04", "10:00:00", 3, 1, 52),
(7980, "2017.08.11", "10:00:00", 3, 1, 52),
(7981, "2017.08.18", "10:00:00", 3, 1, 52),
(7982, "2017.08.25", "10:00:00", 3, 1, 52),
(7983, "2017.08.04", "13:00:00", 3, 1, 52),
(7984, "2017.08.11", "13:00:00", 3, 1, 52),
(7985, "2017.08.18", "13:00:00", 3, 1, 52),
(7986, "2017.08.25", "13:00:00", 3, 1, 52),
(7987, "2017.08.04", "16:00:00", 3, 1, 52),
(7988, "2017.08.11", "16:00:00", 3, 1, 52),
(7989, "2017.08.18", "16:00:00", 3, 1, 52),
(7990, "2017.08.25", "16:00:00", 3, 1, 52),
(7991, "2017.08.05", "10:00:00", 3, 1, 52),
(7992, "2017.08.12", "10:00:00", 3, 1, 52),
(7993, "2017.08.19", "10:00:00", 3, 1, 52),
(7994, "2017.08.26", "10:00:00", 3, 1, 52),
(7995, "2017.08.05", "13:00:00", 3, 1, 52),
(7996, "2017.08.12", "13:00:00", 3, 1, 52),
(7997, "2017.08.19", "13:00:00", 3, 1, 52),
(7998, "2017.08.26", "13:00:00", 3, 1, 52),
(7999, "2017.08.05", "16:00:00", 3, 1, 52),
(8000, "2017.08.12", "16:00:00", 3, 1, 52),
(8001, "2017.08.19", "16:00:00", 3, 1, 52),
(8002, "2017.08.26", "16:00:00", 3, 1, 52),
(8003, "2017.08.04", "10:00:00", 3, 1, 52),
(8004, "2017.08.11", "10:00:00", 3, 1, 52),
(8005, "2017.08.18", "10:00:00", 3, 1, 52),
(8006, "2017.08.25", "10:00:00", 3, 1, 52),
(8007, "2017.08.04", "13:00:00", 3, 1, 52),
(8008, "2017.08.11", "13:00:00", 3, 1, 52),
(8009, "2017.08.18", "13:00:00", 3, 1, 52),
(8010, "2017.08.25", "13:00:00", 3, 1, 52),
(8011, "2017.08.04", "16:00:00", 3, 1, 52),
(8012, "2017.08.11", "16:00:00", 3, 1, 52),
(8013, "2017.08.18", "16:00:00", 3, 1, 52),
(8014, "2017.08.25", "16:00:00", 3, 1, 52),
(8015, "2017.08.05", "10:00:00", 3, 1, 52),
(8016, "2017.08.12", "10:00:00", 3, 1, 52),
(8017, "2017.08.19", "10:00:00", 3, 1, 52),
(8018, "2017.08.26", "10:00:00", 3, 1, 52),
(8019, "2017.08.05", "13:00:00", 3, 1, 52),
(8020, "2017.08.12", "13:00:00", 3, 1, 52),
(8021, "2017.08.19", "13:00:00", 3, 1, 52),
(8022, "2017.08.26", "13:00:00", 3, 1, 52),
(8023, "2017.08.05", "16:00:00", 3, 1, 52),
(8024, "2017.08.12", "16:00:00", 3, 1, 52),
(8025, "2017.08.19", "16:00:00", 3, 1, 52),
(8026, "2017.08.26", "16:00:00", 3, 1, 52),
(8029, "2017.08.24", "8:00:00", 4, 1, 43),
(8030, "2017.08.23", "8:00:00", 4, 1, 43),
(8031, "2017.08.25", "8:00:00", 4, 1, 43),
(8034, "2017.08.29", "8:00:00", 4, 4, 25),
(8033, "2017.08.24", "8:00:00", 4, 4, 25),
(8038, "2017.08.28", "10:00:00", 3, 3, 13),
(8039, "2017.08.29", "10:00:00", 3, 3, 13),
(8040, "2017.08.30", "10:00:00", 3, 3, 13);

INSERT INTO tevekenyseg VALUES
(58, "adománygyűjtés", "False"),
(40, "ajándékcsomagolás", "False"),
(39, "állatgondozás", "False"),
(21, "óvodai munka", "False"),
(43, "betegirányítás", "False"),
(4, "delegációk kísérése", "False"),
(41, "ételosztás", "False"),
(45, "felügyelet segítése", "False"),
(36, "felvételkészítés", "False"),
(3, "festés", "True"),
(10, "fordítás", "False"),
(42, "gyerekek gondozása", "False"),
(16, "gyerekfoglalkozás segítése", "False"),
(52, "gyermekfelügyelet", "False"),
(27, "gyermekmegőrzés", "False"),
(26, "hostesskedés", "False"),
(48, "ifjúsági műsor készítése", "False"),
(38, "információs szolgálat", "False"),
(49, "irodarendezés", "False"),
(53, "jegyszedés", "False"),
(51, "jótékonysági rendezveny", "False"),
(44, "kerti munka", "False"),
(7, "kiállítás- és díszletbontás", "False"),
(23, "koordinálási feladatok", "True"),
(11, "korrepetálás", "False"),
(17, "kortárs segítés", "False"),
(28, "könyvtári munka", "True"),
(5, "könyvtárrendezés", "True"),
(56, "laboratóriumi munka segítése", "False"),
(2, "Lepkeház felügyelete", "False"),
(47, "logisztika", "False"),
(1, "nézőtéri felügyelet", "False"),
(18, "szertárrendezés", "True"),
(13, "pecsételés, vonalkódozás", "False"),
(14, "prospektusok hajtogatása", "False"),
(9, "rendezői feladatok", "False"),
(8, "rendezvénykoordinálás", "False"),
(32, "segédeszközök készítése", "False"),
(29, "segítség a nyílt napon", "True"),
(6, "síszertár rendezése", "False"),
(35, "elektronikus hulladék rendszerezése", "True"),
(15, "szemétszedés", "False"),
(24, "szervezési feladatok", "False"),
(20, "szervezői feladatok", "False"),
(22, "szórólaposztás", "False"),
(50, "táboroztatás", "False"),
(57, "takarítás", "False"),
(25, "tankönyvek pakolása", "False"),
(30, "teaosztás", "False"),
(46, "telefonos applikáció próbája", "False"),
(19, "teremrendezés", "True"),
(55, "dekorálás", "False"),
(12, "tolmácsolás", "False"),
(34, "ügyelet a szalagavatón", "True"),
(31, "versenylebonyolítás", "True"),
(33, "zenei szolgálat", "False");
